Name,Brand,Price,Battery,Screen Size,RAM_min,ROM_min,RAM_max,ROM_max
apple iphone 5s,apple,16118670.914501395,1560.0,4.0,1.0,16.0,1.0,16.0
honor 200 lite,honor,6910959.747507929,4500.0,6.7,8.0,256.0,8.0,256.0
honor 200 pro,honor,12145984.651623448,5200.0,6.7,12.0,256.0,12.0,256.0
honor 400,honor,12250000.0,6000.0,6.55,12.0,256.0,12.0,512.0
honor 400 lite,honor,8130000.0,5230.0,6.7,12.0,256.0,12.0,256.0
honor 400 pro,honor,15490000.0,6000.0,6.7,12.0,512.0,12.0,512.0
honor 600,honor,15847527.617204407,9000.0,6.57,8.0,128.0,12.0,256.0
honor 600 pro,honor,15847527.617204407,9000.0,6.57,12.0,256.0,12.0,256.0
honor 70 lite,honor,4678681.010897397,5000.0,6.5,4.0,128.0,4.0,128.0
honor 80,honor,25966898.54301611,4800.0,7.9,12.0,128.0,12.0,128.0
honor 80 gt,honor,11929630.537227737,4800.0,6.66,12.0,256.0,12.0,256.0
honor 80 pro,honor,25966898.54301611,4800.0,7.9,12.0,128.0,12.0,128.0
honor 80 pro plus,honor,25781322.996017467,5200.0,7.9,12.0,128.0,12.0,128.0
honor 90,honor,7246804.313978218,4900.0,6.7,8.0,256.0,12.0,256.0
honor 90 pro,honor,11222037.115306662,5000.0,6.78,12.0,256.0,12.0,256.0
honor magic 2,honor,19277678.232462868,3500.0,6.39,8.0,128.0,8.0,128.0
honor magic 5,honor,16264684.874909364,5100.0,6.73,12.0,256.0,12.0,256.0
honor magic 6 pro,honor,22560328.273532312,5600.0,6.8,12.0,512.0,12.0,512.0
honor magic 7 pro,honor,36065838.29810096,5850.0,6.8,16.0,1024.0,16.0,1024.0
honor magic v,honor,23915689.577225883,4750.0,7.9,12.0,256.0,12.0,256.0
honor magic v3,honor,38453626.42698951,5150.0,7.0,12.0,512.0,12.0,512.0
honor magic v5,honor,39990000.0,5820.0,6.43,16.0,512.0,16.0,512.0
honor play 10,honor,3380000.0,5000.0,6.74,4.0,128.0,4.0,128.0
honor play 40c,honor,6351759.844884331,5200.0,6.6,6.0,128.0,6.0,128.0
honor play 7t pro,honor,9043313.114537114,4000.0,6.7,8.0,128.0,8.0,128.0
honor power,honor,11016857.290541118,8000.0,6.78,8.0,256.0,8.0,256.0
honor x40,honor,6043588.803958628,5100.0,6.66,6.0,128.0,6.0,128.0
honor x5 plus,honor,2189023.4822454453,5200.0,6.56,4.0,64.0,4.0,64.0
honor x50i,honor,6316959.6749109095,4500.0,6.7,6.0,128.0,8.0,128.0
honor x5b,honor,2160000.0,5200.0,6.56,4.0,64.0,4.0,64.0
honor x5c plus,honor,3690000.0,5130.0,6.74,4.0,64.0,4.0,128.0
honor x6,honor,3287503.914716945,5000.0,6.5,4.0,128.0,4.0,128.0
honor x6a,honor,2415358.132280414,5200.0,6.56,4.0,128.0,4.0,128.0
honor x6c,honor,4490000.0,5300.0,6.6,6.0,128.0,6.0,128.0
honor x7,honor,3719878.7535341126,5000.0,6.74,4.0,128.0,4.0,128.0
honor x7c,honor,4300000.0,6000.0,6.77,8.0,256.0,8.0,256.0
honor x7d,honor,6490000.0,6500.0,6.77,8.0,128.0,8.0,256.0
honor x8a,honor,5758251.604521703,4500.0,6.7,8.0,128.0,8.0,128.0
honor x8d,honor,7790000.0,6800.0,6.77,8.0,128.0,8.0,128.0
honor x9b,honor,7861504.522659566,5800.0,6.78,12.0,256.0,12.0,256.0
honor x9c,honor,7290000.0,6600.0,6.78,12.0,256.0,12.0,256.0
honor x9d,honor,11690000.0,8300.0,6.79,12.0,256.0,12.0,512.0
huawei enjoy 20 plus,huawei,17632772.613557745,4500.0,6.5,8.0,128.0,8.0,128.0
huawei enjoy 50 pro,huawei,6774086.924625519,4500.0,6.7,8.0,128.0,8.0,128.0
huawei enjoy 60x,huawei,5008281.1671979455,7000.0,6.95,8.0,128.0,8.0,128.0
huawei mate 50e,huawei,10082523.229369236,4460.0,6.7,8.0,256.0,8.0,256.0
huawei mate 60 pro,huawei,18348992.226389028,5000.0,6.82,12.0,256.0,12.0,256.0
huawei mate x2,huawei,29764682.44053079,4500.0,8.0,8.0,256.0,8.0,256.0
huawei mate x6,huawei,15711829.071093636,5100.0,6.7,12.0,256.0,12.0,256.0
huawei mate x7,huawei,42990000.0,5600.0,8.0,16.0,512.0,16.0,512.0
huawei mate xt ultimate,huawei,26035758.206386037,5600.0,10.2,16.0,256.0,16.0,256.0
huawei nova 10,huawei,12069131.253527852,4000.0,6.66,8.0,128.0,8.0,128.0
huawei nova 10 pro,huawei,10158341.16159906,4500.0,6.78,8.0,128.0,8.0,128.0
huawei nova 10 se,huawei,9796686.248092163,4500.0,6.66,8.0,256.0,8.0,256.0
huawei nova 10z,huawei,20895445.084872685,4000.0,6.6,8.0,128.0,8.0,128.0
huawei nova 11 se,huawei,6921623.225323017,4500.0,6.67,8.0,256.0,8.0,256.0
huawei nova 12 pro,huawei,11281216.0210833,4900.0,6.78,8.0,256.0,8.0,256.0
huawei nova 7 se,huawei,10180256.218148608,4000.0,6.5,8.0,128.0,8.0,128.0
huawei nova y71,huawei,7154808.3198572965,6000.0,6.75,8.0,128.0,8.0,128.0
huawei p30,huawei,17990000.0,3650.0,6.1,8.0,128.0,8.0,128.0
huawei p30 lite,huawei,7490000.0,4300.0,6.15,6.0,128.0,6.0,128.0
huawei p30 pro,huawei,23990000.0,4200.0,6.4,8.0,256.0,8.0,256.0
huawei p50 pocket s,huawei,8865160.2017638,4500.0,6.7,8.0,256.0,8.0,256.0
huawei p50 pro,huawei,17112292.97522192,4500.0,6.3,8.0,256.0,8.0,256.0
huawei p60,huawei,13606476.24964868,4815.0,6.66,8.0,128.0,8.0,128.0
huawei p60 art,huawei,12335657.329848023,5100.0,6.67,12.0,512.0,12.0,512.0
huawei p60 pro,huawei,12002900.99762381,4815.0,6.66,8.0,256.0,8.0,256.0
huawei pocket s,huawei,13104162.706699664,4000.0,6.9,8.0,128.0,8.0,128.0
huawei y6s 2019,huawei,14539731.782977551,3020.0,6.1,3.0,32.0,3.0,32.0
huawei nova 9 se,huawei,9379459.465944096,4000.0,6.78,8.0,128.0,8.0,128.0
iphone 11,apple,7490000.0,3110.0,6.1,4.0,64.0,4.0,64.0
iphone 12,apple,9990000.0,2815.0,6.1,4.0,64.0,4.0,128.0
iphone 12 mini i,apple,12990000.0,2227.0,5.4,4.0,64.0,4.0,64.0
iphone 12 pro max i,apple,23490000.0,3687.0,6.7,6.0,128.0,6.0,128.0
iphone 13,apple,11990000.0,3240.0,6.1,4.0,128.0,4.0,256.0
iphone 13 pro,apple,21990000.0,3095.0,6.1,6.0,128.0,6.0,128.0
iphone 13 pro max,apple,22990000.0,4352.0,6.7,6.0,128.0,6.0,256.0
iphone 14,apple,13990000.0,3279.0,6.1,6.0,128.0,6.0,128.0
iphone 14 plus,apple,15990000.0,4325.0,6.7,6.0,128.0,6.0,128.0
iphone 14 pro,apple,24990000.0,3200.0,6.1,6.0,128.0,6.0,256.0
iphone 14 pro max,apple,25590000.0,4323.0,6.7,6.0,128.0,6.0,256.0
iphone 15,apple,17890000.0,3349.0,6.1,6.0,128.0,6.0,256.0
iphone 15 plus,apple,17690000.0,4383.0,6.7,6.0,128.0,6.0,256.0
iphone 15 pro,apple,26290000.0,3274.0,6.1,8.0,128.0,8.0,256.0
iphone 15 pro max,apple,34881335.26412096,3274.0,6.7,8.0,1024.0,8.0,1024.0
iphone 16,apple,20590000.0,3274.0,6.1,8.0,128.0,8.0,256.0
iphone 16 plus,apple,24290000.0,3274.0,6.7,8.0,128.0,8.0,256.0
iphone 16 pro,apple,35990000.0,3274.0,6.3,8.0,128.0,8.0,1024.0
iphone 16 pro max,apple,30990000.0,3274.0,6.9,8.0,256.0,8.0,1024.0
iphone 16e,apple,12190000.0,3279.0,6.1,8.0,128.0,8.0,256.0
iphone 17,apple,23990000.0,3274.0,6.3,8.0,256.0,8.0,512.0
iphone 17 pro,apple,33790000.0,3274.0,6.3,12.0,256.0,12.0,1024.0
iphone 17 pro max,apple,36990000.0,3274.0,6.9,12.0,256.0,12.0,2048.0
iphone 17e,apple,17390000.0,3279.0,6.1,8.0,256.0,8.0,512.0
iphone air,apple,22890000.0,2830.0,6.5,12.0,256.0,12.0,1024.0
itel p55 plus,itel,2990000.0,5000.0,6.6,8.0,128.0,8.0,256.0
itel rs4,itel,3390000.0,5000.0,6.56,8.0,128.0,12.0,256.0
meizu 20,meizu,19119335.003922075,4700.0,6.55,12.0,128.0,12.0,128.0
meizu 20 pro,meizu,24310024.475200985,5000.0,6.81,12.0,128.0,12.0,128.0
meizu lucky 08,meizu,5490000.0,6000.0,6.78,12.0,256.0,12.0,256.0
meizu mblu 21,meizu,2690000.0,4900.0,6.79,4.0,64.0,6.0,128.0
meizu mblu 22,meizu,2290000.0,5000.0,6.79,3.0,64.0,3.0,64.0
meizu mblu 22 pro,meizu,2990000.0,5000.0,6.79,4.0,128.0,6.0,256.0
meizu mblu note 21 pro,meizu,3990000.0,5000.0,6.78,8.0,256.0,8.0,256.0
nubia a36,nubia,2890000.0,5000.0,6.75,4.0,64.0,4.0,64.0
nubia a56,nubia,3390000.0,5000.0,6.75,4.0,128.0,4.0,128.0
nubia air,nubia,5490000.0,5000.0,6.78,8.0,256.0,8.0,256.0
nubia neo,nubia,3990000.0,4500.0,6.6,8.0,256.0,8.0,256.0
nubia neo 2,nubia,4290000.0,6000.0,6.72,8.0,256.0,8.0,256.0
nubia neo 3,nubia,4790000.0,6000.0,6.8,8.0,128.0,8.0,256.0
nubia neo 3 gt,nubia,7490000.0,6000.0,6.8,12.0,256.0,12.0,256.0
nubia neo 5,nubia,6990000.0,6050.0,6.8,8.0,128.0,8.0,256.0
nubia neo 5 gt,nubia,8990000.0,6210.0,6.8,8.0,256.0,12.0,256.0
nubia neo 5 max,nubia,7478131.134005383,6000.0,6.7,8.0,128.0,8.0,128.0
nubia red magic 10,nubia,8083826.612793552,6000.0,6.7,8.0,256.0,8.0,256.0
nubia red magic 7 pro,nubia,18171442.169886444,5000.0,6.8,16.0,256.0,16.0,256.0
nubia red magic 7s,nubia,21604282.028948706,4500.0,6.8,8.0,128.0,8.0,128.0
nubia redmagic 8s pro,nubia,18990000.0,6000.0,6.8,12.0,256.0,12.0,256.0
nubia redmagic 8s pro transparent,nubia,20457488.226295806,6000.0,6.8,16.0,512.0,16.0,512.0
nubia v60 design,nubia,2690000.0,5000.0,6.6,6.0,256.0,6.0,256.0
nubia v70 design,nubia,2790000.0,5000.0,6.7,8.0,128.0,8.0,128.0
nubia v70 max,nubia,2390000.0,6000.0,6.9,4.0,128.0,6.0,128.0
nubia v80 design,nubia,3490000.0,5000.0,6.75,4.0,128.0,8.0,128.0
nubia v80 max,nubia,3890000.0,6000.0,6.9,8.0,128.0,8.0,256.0
nubia z40s pro,nubia,13071175.843960488,5000.0,6.66,8.0,128.0,8.0,128.0
nubia z70 ultra,nubia,16990000.0,6150.0,6.85,12.0,256.0,12.0,256.0
nubia z70s ultra,nubia,19990000.0,6600.0,6.85,12.0,256.0,12.0,256.0
oppo a1,oppo,7757286.611136219,5000.0,6.72,8.0,256.0,8.0,256.0
oppo a1 pro,oppo,6592049.340860613,5000.0,6.7,6.0,128.0,6.0,128.0
oppo a18,oppo,2890000.0,5000.0,6.56,4.0,64.0,4.0,64.0
oppo a1x,oppo,5105427.994497871,5000.0,6.56,6.0,128.0,6.0,128.0
oppo a2,oppo,9316983.819091506,5000.0,6.72,12.0,256.0,12.0,256.0
oppo a2 pro,oppo,7898612.980891988,5000.0,6.7,8.0,256.0,8.0,256.0
oppo a2m,oppo,9271612.299020307,5000.0,6.56,12.0,256.0,12.0,256.0
oppo a2x,oppo,4792505.785054701,5000.0,6.56,6.0,128.0,6.0,128.0
oppo a3,oppo,5780000.0,5100.0,6.67,6.0,128.0,8.0,256.0
oppo a31,oppo,4190000.0,4230.0,6.5,4.0,128.0,4.0,128.0
oppo a32,oppo,4014077.1656121295,5000.0,6.5,4.0,64.0,4.0,64.0
oppo a3x,oppo,4210000.0,5100.0,6.67,6.0,128.0,6.0,128.0
oppo a52,oppo,4990000.0,5000.0,6.5,6.0,128.0,6.0,128.0
oppo a58,oppo,7884449.152480673,5000.0,6.56,6.0,128.0,8.0,256.0
oppo a5i,oppo,3290000.0,5100.0,6.67,4.0,64.0,4.0,128.0
oppo a5i pro,oppo,6290000.0,6000.0,6.67,8.0,128.0,8.0,128.0
oppo a6 pro,oppo,9290000.0,7000.0,6.57,8.0,128.0,8.0,256.0
oppo a6t,oppo,5490000.0,6100.0,6.75,4.0,64.0,6.0,256.0
oppo a77,oppo,4723864.078770382,5000.0,6.56,6.0,128.0,6.0,128.0
oppo a79,oppo,7060000.0,5000.0,6.72,8.0,256.0,8.0,256.0
oppo a92,oppo,5740000.0,5000.0,6.5,8.0,128.0,8.0,128.0
oppo a97,oppo,6633481.781758214,5000.0,6.56,8.0,256.0,8.0,256.0
oppo a98,oppo,6868435.719360767,5000.0,6.6,8.0,128.0,8.0,128.0
oppo f17,oppo,8867009.661847567,4000.0,6.44,4.0,128.0,4.0,128.0
oppo f23,oppo,7757286.611136219,5000.0,6.72,8.0,256.0,8.0,256.0
oppo f27 pro plus,oppo,11727602.673058642,5000.0,6.7,12.0,256.0,12.0,256.0
oppo find n,oppo,15945834.002065765,4500.0,7.1,8.0,256.0,8.0,256.0
oppo find n2,oppo,19373266.269349,4520.0,7.0,12.0,256.0,12.0,256.0
oppo find n3,oppo,26990000.0,4805.0,7.82,16.0,512.0,16.0,512.0
oppo find n3 flip,oppo,13990000.0,4300.0,6.8,12.0,256.0,12.0,256.0
oppo find n5,oppo,44180000.0,5600.0,8.12,16.0,512.0,16.0,512.0
oppo find n6,oppo,64990000.0,6000.0,8.12,16.0,512.0,16.0,512.0
oppo find x5 pro,oppo,12990000.0,5000.0,6.7,12.0,256.0,12.0,256.0
oppo find x7,oppo,6374933.038795721,5000.0,6.7,8.0,128.0,8.0,128.0
oppo find x7 ultra,oppo,6374933.038795721,5000.0,6.7,8.0,128.0,8.0,128.0
oppo find x8,oppo,19490000.0,5630.0,6.59,16.0,512.0,16.0,512.0
oppo find x8 mini,oppo,22191994.77109844,5600.0,6.3,12.0,256.0,12.0,256.0
oppo find x8 pro,oppo,20851620.69512725,5910.0,6.78,16.0,512.0,16.0,512.0
oppo find x8 ultra,oppo,8959878.04137675,6100.0,6.7,8.0,128.0,8.0,128.0
oppo find x9,oppo,26990000.0,7025.0,6.59,12.0,256.0,16.0,512.0
oppo find x9 pro,oppo,32990000.0,7500.0,6.78,16.0,512.0,16.0,512.0
oppo find x9 ultra,oppo,49990000.0,7050.0,6.82,12.0,512.0,12.0,512.0
oppo find x9s,oppo,24990000.0,7025.0,6.59,12.0,256.0,12.0,256.0
oppo k10 pro,oppo,8763098.211183207,5000.0,6.62,8.0,128.0,8.0,128.0
oppo k10x,oppo,6999103.994374431,5000.0,6.59,6.0,128.0,6.0,128.0
oppo k11,oppo,7542928.839886443,4870.0,6.7,8.0,256.0,8.0,256.0
oppo k11x,oppo,7900608.996329028,5000.0,6.72,8.0,128.0,8.0,128.0
oppo k9 pro,oppo,12520046.228383416,4500.0,6.43,8.0,128.0,8.0,128.0
oppo k9s,oppo,4928647.328530047,5000.0,6.59,4.0,128.0,4.0,128.0
oppo k9x,oppo,4784163.082684352,5000.0,6.5,6.0,128.0,6.0,128.0
oppo phf110,oppo,7900608.996329028,5000.0,6.72,8.0,128.0,8.0,128.0
oppo reno 11 a,oppo,11727602.673058642,5000.0,6.7,12.0,256.0,12.0,256.0
oppo reno10,oppo,8490000.0,5000.0,6.7,8.0,256.0,8.0,256.0
oppo reno10 pro,oppo,10490000.0,4700.0,6.74,12.0,256.0,12.0,256.0
oppo reno12,oppo,8990000.0,5000.0,6.7,12.0,256.0,12.0,256.0
oppo reno12 f,oppo,7120000.0,5000.0,6.7,8.0,256.0,8.0,256.0
oppo reno12 f -,oppo,9172342.445533931,5000.0,6.7,12.0,256.0,12.0,256.0
oppo reno13 f,oppo,8530000.0,5800.0,6.67,8.0,256.0,12.0,256.0
oppo reno13f -,oppo,6374933.038795721,5000.0,6.7,8.0,128.0,12.0,512.0
oppo reno13f - -,oppo,7866505.848900069,5800.0,6.67,8.0,128.0,8.0,128.0
oppo reno14,oppo,15500000.0,6000.0,6.59,12.0,256.0,12.0,256.0
oppo reno14 f,oppo,10100000.0,6000.0,6.57,8.0,256.0,8.0,256.0
oppo reno15,oppo,16990000.0,6500.0,6.59,12.0,256.0,12.0,256.0
oppo reno15 f,oppo,11990000.0,7000.0,6.57,8.0,256.0,8.0,256.0
oppo reno8,oppo,13990000.0,4500.0,6.4,8.0,256.0,8.0,256.0
oppo reno8 t,oppo,6290000.0,5000.0,6.4,8.0,256.0,8.0,256.0
oppo reno9 lite,oppo,11613137.319833774,5000.0,6.55,8.0,128.0,8.0,128.0
oppo reno9 pro,oppo,10661280.525477994,4600.0,6.75,12.0,128.0,12.0,128.0
oppo reno9 pro plus,oppo,14028428.442030262,4500.0,6.7,12.0,128.0,12.0,128.0
oppo reno9 z,oppo,7821339.020412632,5000.0,6.5,8.0,128.0,8.0,128.0
realme 10,realme,6106470.7659947,5000.0,6.4,8.0,256.0,8.0,256.0
realme 10 pro plus,realme,4509838.579923102,5000.0,6.7,6.0,64.0,6.0,64.0
realme 11x,realme,5558740.676747164,5000.0,6.72,6.0,128.0,6.0,128.0
realme 12 pro,realme,13061519.512691604,5000.0,6.7,16.0,128.0,16.0,128.0
realme 12 pro plus,realme,13286795.297117531,5000.0,6.7,8.0,128.0,8.0,128.0
realme 13,realme,6590000.0,5000.0,6.67,8.0,256.0,8.0,256.0
realme 9 pro,realme,7990000.0,5000.0,6.6,8.0,128.0,8.0,128.0
realme c30,realme,2405362.437345541,5000.0,6.5,2.0,32.0,2.0,32.0
realme c33,realme,2190000.0,5000.0,6.5,4.0,64.0,4.0,64.0
realme c55,realme,6417775.234059284,5000.0,6.7,8.0,128.0,8.0,128.0
realme c60,realme,2390000.0,5000.0,6.74,4.0,64.0,4.0,64.0
realme c67,realme,6266770.200519546,5000.0,6.72,8.0,256.0,8.0,256.0
realme c75 -,realme,6349575.204474776,5000.0,6.7,8.0,128.0,8.0,128.0
realme c75x -,realme,6349575.204474776,5000.0,6.7,8.0,128.0,8.0,128.0
realme gt 5 pro,realme,17309881.25275044,4700.0,6.74,8.0,256.0,8.0,256.0
realme gt 5 pro se,realme,17309881.25275044,4700.0,6.74,8.0,256.0,8.0,256.0
realme gt neo 5 se,realme,11418527.08521326,5500.0,6.74,8.0,256.0,8.0,256.0
realme gt neo 6,realme,14895646.77534024,5500.0,6.7,12.0,128.0,12.0,128.0
realme gt3,realme,12165969.800451957,4600.0,6.74,8.0,128.0,8.0,128.0
realme narzo 50,realme,3424078.1661690627,5000.0,6.6,4.0,64.0,4.0,64.0
realme narzo 50i,realme,3090676.088627984,5000.0,6.7,4.0,64.0,4.0,64.0
realme narzo 50i prime,realme,2405362.437345541,5000.0,6.5,3.0,32.0,3.0,32.0
realme narzo 9i,realme,3139621.192191928,5000.0,6.6,4.0,64.0,4.0,64.0
realme narzo n53,realme,2917965.3228577115,5000.0,6.74,4.0,64.0,4.0,64.0
realme narzo n55,realme,3090676.088627984,5000.0,6.7,4.0,64.0,4.0,64.0
realme note 60,realme,2490000.0,5000.0,6.74,4.0,64.0,4.0,64.0
realme note 9 prime,realme,3090676.088627984,5000.0,6.7,4.0,64.0,4.0,64.0
realme v20,realme,4036834.223180269,5000.0,6.5,4.0,128.0,4.0,128.0
realme v30,realme,3062449.838363516,5000.0,6.51,4.0,64.0,4.0,64.0
realme v30t,realme,6718317.856749132,5000.0,6.5,8.0,128.0,8.0,128.0
realme x3 pro,realme,9691376.545884876,4200.0,6.6,12.0,256.0,12.0,256.0
realme x7 pro,realme,14123465.565270994,4500.0,6.55,8.0,256.0,8.0,256.0
realme 9 se,realme,5799442.764370922,5000.0,6.6,6.0,128.0,6.0,128.0
red magic 7s pro,nubia,16109980.85420906,5000.0,6.8,12.0,256.0,12.0,256.0
redmi 11a,nubia,3231653.739760406,6000.0,6.53,4.0,64.0,4.0,64.0
redmi k50 gaming,nubia,17955902.939243797,4700.0,6.67,8.0,128.0,8.0,128.0
redmi k60 pro,nubia,18120101.280962,5000.0,6.66,8.0,128.0,8.0,128.0
redmi k60 ultra,nubia,17984928.899240147,4700.0,6.7,8.0,128.0,8.0,128.0
redmi note 11 se,nubia,4128555.776648518,5000.0,6.43,6.0,64.0,6.0,64.0
redmi note 13 pro,nubia,6990000.0,5100.0,6.67,12.0,512.0,12.0,512.0
redmi turbo 5 max,nubia,24800005.09819168,9000.0,6.7,16.0,256.0,16.0,256.0
samsung a06 -,samsung,3126918.083893279,5000.0,6.7,4.0,64.0,6.0,128.0
samsung a26 -,samsung,6697763.714072749,5000.0,6.7,8.0,256.0,8.0,256.0
samsung a36 -,samsung,11677733.372007972,5000.0,6.7,8.0,256.0,12.0,256.0
samsung a56 -,samsung,11677733.372007972,5000.0,6.7,12.0,256.0,12.0,256.0
samsung galaxy a05s,samsung,3290000.0,5000.0,6.7,6.0,128.0,6.0,128.0
samsung galaxy a06,samsung,2659102.5334321745,5000.0,6.7,4.0,64.0,4.0,128.0
samsung galaxy a06s,samsung,3907312.463173787,6000.0,6.8,6.0,128.0,6.0,128.0
samsung galaxy a07,samsung,3190000.0,5000.0,6.7,4.0,128.0,8.0,256.0
samsung galaxy a13,samsung,4694152.206096513,5000.0,6.6,6.0,128.0,6.0,128.0
samsung galaxy a14,samsung,2914763.98753213,5000.0,6.6,6.0,128.0,6.0,128.0
samsung galaxy a15,samsung,7673532.486930401,5000.0,6.5,8.0,128.0,8.0,256.0
samsung galaxy a16,samsung,6307404.970811452,5000.0,6.7,4.0,128.0,8.0,256.0
samsung galaxy a17,samsung,5890000.0,5000.0,6.7,8.0,128.0,8.0,128.0
samsung galaxy a21s,samsung,4690000.0,5000.0,6.5,6.0,64.0,6.0,64.0
samsung galaxy a23,samsung,3493647.345896899,5000.0,6.6,4.0,128.0,6.0,128.0
samsung galaxy a25,samsung,4690000.0,5000.0,6.5,6.0,128.0,6.0,128.0
samsung galaxy a26,samsung,6690000.0,5000.0,6.7,8.0,128.0,8.0,128.0
samsung galaxy a34,samsung,7365718.074004902,5000.0,6.6,8.0,256.0,8.0,256.0
samsung galaxy a36,samsung,7490000.0,5000.0,6.7,8.0,128.0,8.0,128.0
samsung galaxy a37,samsung,9790000.0,5000.0,6.7,8.0,128.0,8.0,128.0
samsung galaxy a50s,samsung,6990000.0,4000.0,6.4,4.0,64.0,4.0,64.0
samsung galaxy a52s,samsung,10990000.0,4500.0,6.5,8.0,128.0,8.0,128.0
samsung galaxy a54,samsung,7890000.0,5000.0,6.4,8.0,128.0,8.0,256.0
samsung galaxy a55,samsung,7590000.0,5000.0,6.6,8.0,128.0,8.0,128.0
samsung galaxy a56,samsung,8990000.0,5000.0,6.7,8.0,128.0,8.0,128.0
samsung galaxy a57,samsung,10923688.426965656,5000.0,6.7,8.0,128.0,12.0,256.0
samsung galaxy a70,samsung,9290000.0,4500.0,6.7,6.0,128.0,6.0,128.0
samsung galaxy a72,samsung,11490000.0,5000.0,6.7,8.0,256.0,8.0,256.0
samsung galaxy a74,samsung,9548111.285793489,5000.0,6.7,12.0,256.0,12.0,256.0
samsung galaxy a75,samsung,8655228.653483495,6000.0,6.4,6.0,128.0,6.0,128.0
samsung galaxy buddy2,samsung,4789901.49531262,5000.0,6.6,4.0,128.0,4.0,128.0
samsung galaxy c55,samsung,7308902.036464141,5000.0,6.7,8.0,128.0,8.0,128.0
samsung galaxy f04s,samsung,6921399.369952362,4000.0,6.5,4.0,64.0,4.0,64.0
samsung galaxy f13,samsung,5941731.727008159,4500.0,6.6,4.0,64.0,4.0,64.0
samsung galaxy f34,samsung,5914385.916674967,6000.0,6.46,6.0,128.0,6.0,128.0
samsung galaxy f54,samsung,6569044.249442752,6000.0,6.7,8.0,128.0,8.0,128.0
samsung galaxy f55,samsung,7308902.036464141,5000.0,6.7,8.0,128.0,8.0,128.0
samsung galaxy m14,samsung,4490000.0,6000.0,6.6,4.0,128.0,4.0,128.0
samsung galaxy m16,samsung,9285539.945532069,7000.0,6.5,6.0,128.0,6.0,128.0
samsung galaxy m21s,samsung,5930414.965960277,6000.0,6.4,6.0,128.0,6.0,128.0
samsung galaxy m23,samsung,3347733.0461423583,5000.0,6.6,4.0,128.0,4.0,128.0
samsung galaxy m31s,samsung,5798160.855202372,6000.0,6.5,6.0,128.0,6.0,128.0
samsung galaxy m42,samsung,7592041.848838976,6000.0,6.4,6.0,128.0,6.0,128.0
samsung galaxy m44,samsung,8255433.7654885,5000.0,6.58,6.0,128.0,6.0,128.0
samsung galaxy m51,samsung,7026124.650487134,7000.0,6.66,6.0,128.0,6.0,128.0
samsung galaxy m53,samsung,6276261.828089475,5000.0,6.7,8.0,128.0,8.0,128.0
samsung galaxy m55,samsung,6990000.0,5000.0,6.7,8.0,256.0,12.0,256.0
samsung galaxy note 10,samsung,13800000.0,3500.0,6.3,8.0,256.0,8.0,256.0
samsung galaxy note 10 plus,samsung,26990000.0,4300.0,6.8,12.0,256.0,12.0,256.0
samsung galaxy note 20,samsung,23990000.0,4300.0,6.7,8.0,256.0,8.0,256.0
samsung galaxy note 20 ultra,samsung,32990000.0,4500.0,6.9,12.0,256.0,12.0,256.0
samsung galaxy s 2019,samsung,20990000.0,3500.0,6.1,8.0,128.0,8.0,128.0
samsung galaxy s20,samsung,21490000.0,4000.0,6.2,8.0,128.0,8.0,128.0
samsung galaxy s20 fe,samsung,7200000.0,4500.0,6.5,8.0,256.0,8.0,256.0
samsung galaxy s21 fe,samsung,8800000.0,4500.0,6.4,8.0,128.0,8.0,128.0
samsung galaxy s22 -,samsung,21990000.0,3700.0,6.1,8.0,128.0,8.0,128.0
samsung galaxy s22 ultra,samsung,30990000.0,5000.0,6.8,8.0,128.0,8.0,128.0
samsung galaxy s22 ultra đã kích hoạt online,samsung,18990000.0,5000.0,6.8,12.0,256.0,12.0,256.0
samsung galaxy s23 plus,samsung,19990000.0,4700.0,6.6,8.0,256.0,8.0,512.0
samsung galaxy s23 ultra,samsung,19490000.0,5000.0,6.8,8.0,256.0,12.0,512.0
samsung galaxy s24,samsung,17190000.0,4000.0,6.2,8.0,256.0,8.0,512.0
samsung galaxy s24 fe,samsung,11490000.0,4700.0,6.7,8.0,128.0,8.0,128.0
samsung galaxy s24 plus,samsung,16090000.0,4900.0,6.7,12.0,256.0,12.0,512.0
samsung galaxy s24 ultra,samsung,25290000.0,5000.0,6.8,12.0,256.0,12.0,512.0
samsung galaxy s24fe,samsung,14762780.027929353,4700.0,6.7,8.0,256.0,8.0,256.0
samsung galaxy s25,samsung,17490000.0,4000.0,6.2,12.0,256.0,12.0,256.0
samsung galaxy s25 edge,samsung,20450000.0,3900.0,6.7,12.0,256.0,12.0,256.0
samsung galaxy s25 fe,samsung,13290000.0,4900.0,6.7,8.0,128.0,8.0,512.0
samsung galaxy s25 plus,samsung,20490000.0,4900.0,6.7,12.0,256.0,12.0,512.0
samsung galaxy s25 ultra,samsung,26490000.0,5000.0,6.9,12.0,256.0,12.0,512.0
samsung galaxy s26,samsung,20490000.0,4300.0,6.3,12.0,256.0,12.0,512.0
samsung galaxy s26 plus,samsung,30490000.0,4900.0,6.7,12.0,256.0,12.0,512.0
samsung galaxy s26 ultra,samsung,30490000.0,5000.0,6.9,12.0,256.0,16.0,1024.0
samsung galaxy s8,samsung,15990000.0,3000.0,5.8,4.0,64.0,4.0,64.0
samsung galaxy xcover6 pro,samsung,12136638.307106182,4050.0,6.6,6.0,128.0,6.0,128.0
samsung galaxy z flip,samsung,6382034.715800267,5000.0,6.7,8.0,128.0,8.0,128.0
samsung galaxy z flip 5,samsung,20968287.541428037,4200.0,6.7,8.0,512.0,8.0,512.0
samsung galaxy z flip6,samsung,19990000.0,4000.0,6.7,12.0,256.0,12.0,256.0
samsung galaxy z flip7,samsung,23990000.0,4300.0,6.9,12.0,256.0,12.0,512.0
samsung galaxy z fold,samsung,6382034.715800267,5000.0,6.7,8.0,128.0,8.0,128.0
samsung galaxy z fold 6,samsung,29990000.0,4400.0,7.6,12.0,256.0,12.0,256.0
samsung galaxy z fold4,samsung,22490000.0,4400.0,7.6,12.0,256.0,12.0,256.0
samsung galaxy z fold5,samsung,27990000.0,4400.0,7.6,12.0,256.0,12.0,256.0
samsung galaxy z fold7,samsung,40990000.0,4400.0,8.0,12.0,256.0,12.0,512.0
samsung w22,samsung,18739514.78484642,4400.0,7.6,12.0,256.0,12.0,256.0
tecno camon 19,tecno,2864198.585396591,5000.0,6.8,4.0,128.0,4.0,128.0
tecno camon 20 premier,tecno,12243474.764674367,5000.0,6.0,8.0,512.0,8.0,512.0
tecno camon 20 pro,tecno,13064402.226467429,5000.0,6.67,8.0,256.0,8.0,256.0
tecno camon 30,tecno,4590000.0,5000.0,6.78,8.0,256.0,12.0,256.0
tecno camon 30s,tecno,4090000.0,5000.0,6.78,8.0,256.0,8.0,256.0
tecno camon 40,tecno,4990000.0,5200.0,6.78,8.0,128.0,8.0,256.0
tecno camon 40 pro,tecno,5590000.0,5200.0,6.78,8.0,256.0,8.0,256.0
tecno camon 40s,tecno,5876853.77852168,5100.0,6.7,8.0,128.0,8.0,128.0
tecno camon slim,tecno,5876853.77852168,5100.0,6.7,8.0,128.0,8.0,128.0
tecno phantom v fold,tecno,13774478.2148221,5000.0,6.7,12.0,256.0,12.0,256.0
tecno pop 6 go,tecno,11276111.360598298,4000.0,6.0,2.0,32.0,2.0,32.0
tecno pova 4,tecno,3831879.973732649,7000.0,6.9,6.0,128.0,6.0,128.0
tecno pova 6 neo,tecno,3890000.0,7000.0,6.78,8.0,128.0,8.0,128.0
tecno pova 7,tecno,4590000.0,7000.0,6.78,8.0,128.0,8.0,256.0
tecno pova 7 neo,tecno,5876853.77852168,5100.0,6.7,8.0,128.0,8.0,128.0
tecno pova 8,tecno,3030176.045546908,5100.0,6.7,4.0,128.0,4.0,256.0
tecno pova curve 2,tecno,5800642.87325144,8000.0,6.78,8.0,128.0,8.0,256.0
tecno pova neo 2,tecno,3622165.5195617527,7000.0,6.82,4.0,64.0,4.0,64.0
tecno spark 10c,tecno,14200263.091359984,5000.0,6.6,16.0,128.0,16.0,128.0
tecno spark 30,tecno,5986103.385253801,5000.0,6.7,8.0,128.0,8.0,128.0
tecno spark 30 -,tecno,3896755.95062532,5100.0,6.7,6.0,128.0,6.0,128.0
tecno spark 30 pro transformer,tecno,3990000.0,5000.0,6.78,8.0,256.0,8.0,256.0
tecno spark 30c,tecno,2190000.0,5000.0,6.67,4.0,128.0,4.0,128.0
tecno spark 40,tecno,3590000.0,5200.0,6.67,6.0,128.0,8.0,256.0
tecno spark 40 pro,tecno,4890000.0,5200.0,6.78,8.0,256.0,8.0,256.0
tecno spark 50,tecno,4690000.0,6700.0,6.78,4.0,128.0,4.0,128.0
tecno spark 50 pro,tecno,3030176.045546908,5100.0,6.7,4.0,128.0,4.0,128.0
tecno spark go 2,tecno,2490000.0,5000.0,6.67,4.0,64.0,4.0,64.0
tecno spark go 3,tecno,3490000.0,5000.0,6.75,4.0,64.0,4.0,64.0
xiaomi 11i hypercharge,xiaomi,5995514.368867897,4500.0,6.66,6.0,128.0,6.0,128.0
xiaomi 12 lite,xiaomi,13349541.233360697,4300.0,6.55,6.0,128.0,6.0,128.0
xiaomi 12i hypercharge,xiaomi,6035780.603731382,5000.0,6.66,8.0,128.0,8.0,128.0
xiaomi 12s ultra,xiaomi,14277808.4818097,4860.0,6.73,8.0,256.0,8.0,256.0
xiaomi 12t,xiaomi,5490000.0,5000.0,6.67,8.0,128.0,8.0,128.0
xiaomi 12x,xiaomi,10420007.988853298,4500.0,6.28,8.0,128.0,8.0,128.0
xiaomi 13,xiaomi,16490000.0,4500.0,6.36,8.0,256.0,8.0,256.0
xiaomi 13 lite,xiaomi,8290000.0,4500.0,6.55,8.0,256.0,8.0,256.0
xiaomi 13 pro -,xiaomi,24490000.0,4820.0,6.73,12.0,256.0,12.0,256.0
xiaomi 13 ultra,xiaomi,16482763.60738762,5000.0,6.73,12.0,256.0,12.0,256.0
xiaomi 13t pro,xiaomi,13177535.567561837,5000.0,6.67,12.0,512.0,12.0,512.0
xiaomi 14,xiaomi,17926511.904185075,4610.0,6.36,8.0,128.0,12.0,512.0
xiaomi 14 lite,xiaomi,8182477.80995327,4600.0,6.66,8.0,128.0,8.0,128.0
xiaomi 14 pro,xiaomi,23068674.16258338,5000.0,6.8,8.0,128.0,12.0,256.0
xiaomi 14 ultra,xiaomi,17366947.028586444,5300.0,6.73,8.0,256.0,12.0,512.0
xiaomi 14t,xiaomi,14106820.055223076,5000.0,6.7,12.0,256.0,12.0,512.0
xiaomi 14t pro,xiaomi,13282064.616952974,5000.0,6.67,12.0,512.0,12.0,512.0
xiaomi 15,xiaomi,18490000.0,5240.0,6.36,12.0,256.0,12.0,512.0
xiaomi 15 pro,xiaomi,9656546.987387186,6100.0,6.73,8.0,256.0,8.0,256.0
xiaomi 15 ultra,xiaomi,26990000.0,5410.0,6.73,16.0,512.0,16.0,1024.0
xiaomi 15t,xiaomi,15471722.56065185,5500.0,6.7,12.0,256.0,12.0,512.0
xiaomi 15t pro,xiaomi,15765236.486053132,5500.0,6.7,12.0,256.0,12.0,512.0
xiaomi 17,xiaomi,22298816.889171906,7000.0,6.3,8.0,128.0,12.0,512.0
xiaomi 17 pro,xiaomi,8140420.852286478,6300.0,6.7,8.0,128.0,8.0,128.0
xiaomi 17 pro max,xiaomi,7279027.087123178,7500.0,6.7,8.0,128.0,8.0,128.0
xiaomi 17 ultra,xiaomi,32470001.0,6000.0,6.9,16.0,512.0,16.0,1024.0
xiaomi 17t pro,xiaomi,26624903.325996947,7000.0,6.83,12.0,512.0,12.0,1024.0
xiaomi black shark 5,xiaomi,10678703.72993374,4650.0,6.66,8.0,128.0,8.0,128.0
xiaomi civi,xiaomi,8962742.267028933,4500.0,6.55,4.0,128.0,4.0,128.0
xiaomi civi 1s,xiaomi,8258868.398501744,4500.0,6.55,8.0,128.0,8.0,128.0
xiaomi civi 2,xiaomi,8258868.398501744,4500.0,6.55,8.0,128.0,8.0,128.0
xiaomi civi 3,xiaomi,14858808.643105969,4500.0,6.55,12.0,256.0,12.0,256.0
xiaomi mi 10 ultra,xiaomi,7842335.484689333,4500.0,6.66,12.0,256.0,12.0,256.0
xiaomi mi 10t,xiaomi,8421684.44816794,5000.0,6.66,6.0,128.0,6.0,128.0
xiaomi mi 11x,xiaomi,10715687.554449735,4520.0,6.66,6.0,128.0,6.0,128.0
xiaomi mi mix fold,xiaomi,21921076.12923865,5020.0,8.0,16.0,512.0,16.0,512.0
xiaomi mix alpha,xiaomi,12451887.107312525,4050.0,7.9,12.0,512.0,12.0,512.0
xiaomi poco c50,xiaomi,3098041.172796008,5000.0,6.7,4.0,64.0,4.0,64.0
xiaomi poco c51,xiaomi,2146135.261298004,5000.0,6.52,3.0,32.0,3.0,32.0
xiaomi poco c55,xiaomi,2635839.967033877,5000.0,6.71,4.0,64.0,4.0,64.0
xiaomi poco f4 gt,xiaomi,18143382.675628223,4700.0,6.66,8.0,128.0,8.0,128.0
xiaomi poco f5 pro,xiaomi,10716932.0341238,4520.0,6.66,6.0,64.0,6.0,64.0
xiaomi poco f7,xiaomi,8215792.611799819,6500.0,6.7,8.0,128.0,8.0,128.0
xiaomi poco f8 pro,xiaomi,13990000.0,6210.0,6.59,12.0,256.0,12.0,256.0
xiaomi poco f8 ultra,xiaomi,28837374.544958703,6500.0,6.9,12.0,256.0,12.0,256.0
xiaomi poco m7,xiaomi,3578361.7812742377,5160.0,6.79,6.0,128.0,6.0,128.0
xiaomi poco x4 pro,xiaomi,6090000.0,5000.0,6.67,6.0,128.0,6.0,128.0
xiaomi poco x6 pro,xiaomi,7540000.0,5000.0,6.67,8.0,256.0,8.0,256.0
xiaomi poco x7,xiaomi,7990000.0,5110.0,6.67,12.0,512.0,12.0,512.0
xiaomi poco x7 pro,xiaomi,8790000.0,6000.0,6.67,12.0,256.0,12.0,256.0
xiaomi redmi 10 prime,xiaomi,2932472.49870492,5000.0,6.5,6.0,128.0,6.0,128.0
xiaomi redmi 10c,xiaomi,3050000.0,5000.0,6.71,4.0,128.0,4.0,128.0
xiaomi redmi 11 prime,xiaomi,3163794.937690746,5000.0,6.58,4.0,64.0,4.0,64.0
xiaomi redmi 11 pro,xiaomi,4739510.215306646,5000.0,6.58,6.0,128.0,6.0,128.0
xiaomi redmi 13c,xiaomi,2990000.0,5000.0,6.74,6.0,128.0,6.0,128.0
xiaomi redmi 14,xiaomi,4638843.102123273,5500.0,6.88,4.0,128.0,4.0,128.0
xiaomi redmi 14c,xiaomi,2850000.0,5160.0,6.88,4.0,128.0,4.0,128.0
xiaomi redmi 15,xiaomi,6190000.0,7000.0,6.9,8.0,256.0,8.0,256.0
xiaomi redmi 15c,xiaomi,5190000.0,6000.0,6.9,4.0,128.0,8.0,256.0
xiaomi redmi 9 activ,xiaomi,2484008.70186224,5000.0,6.53,4.0,64.0,4.0,64.0
xiaomi redmi a4,xiaomi,3052545.521912087,5000.0,6.71,4.0,128.0,4.0,128.0
xiaomi redmi a7 pro,xiaomi,4090000.0,6000.0,6.9,4.0,128.0,4.0,128.0
xiaomi redmi k70 pro,xiaomi,17539731.76113763,5120.0,6.73,8.0,128.0,8.0,128.0
xiaomi redmi k70e,xiaomi,15276719.301562596,5500.0,6.67,8.0,128.0,8.0,128.0
xiaomi redmi note 10 je,xiaomi,4604033.853255946,4800.0,6.5,4.0,64.0,4.0,64.0
xiaomi redmi note 10 pro,xiaomi,6090000.0,5020.0,6.66,8.0,128.0,8.0,128.0
xiaomi redmi note 11 pro,xiaomi,5790000.0,5000.0,6.67,8.0,128.0,8.0,128.0
xiaomi redmi note 11 pro plus,xiaomi,6090000.0,4500.0,6.67,8.0,256.0,8.0,256.0
xiaomi redmi note 11se,xiaomi,3886009.8512706137,5000.0,6.43,6.0,64.0,6.0,64.0
xiaomi redmi note 12,xiaomi,3790000.0,5000.0,6.67,4.0,128.0,4.0,128.0
xiaomi redmi note 12 pro,xiaomi,6590000.0,5000.0,6.67,8.0,256.0,8.0,256.0
xiaomi redmi note 12 turbo,xiaomi,9944874.537055222,5000.0,6.67,8.0,256.0,8.0,256.0
xiaomi redmi note 12r pro,xiaomi,8063148.441585737,5000.0,6.67,12.0,256.0,12.0,256.0
xiaomi redmi note 12s,xiaomi,4990000.0,5000.0,6.43,8.0,256.0,8.0,256.0
xiaomi redmi note 13,xiaomi,6622154.789595631,5000.0,6.67,6.0,128.0,12.0,256.0
xiaomi redmi note 13 pro,xiaomi,6290000.0,5100.0,6.67,8.0,256.0,8.0,256.0
xiaomi redmi note 13 pro plus,xiaomi,11286946.03235194,5000.0,6.67,8.0,256.0,8.0,256.0
xiaomi redmi note 13 turbo,xiaomi,11391794.40700826,5255.0,6.7,12.0,512.0,12.0,512.0
xiaomi redmi note 13r pro,xiaomi,7205523.405757419,5000.0,6.67,12.0,256.0,12.0,256.0
xiaomi redmi note 13s,xiaomi,11354694.964847367,5000.0,6.6,6.0,128.0,6.0,128.0
xiaomi redmi note 14,xiaomi,5653364.944026706,5110.0,6.7,6.0,128.0,8.0,256.0
xiaomi redmi note 14 pro,xiaomi,5918619.302029171,5110.0,6.7,8.0,128.0,12.0,512.0
xiaomi redmi note 14 pro plus,xiaomi,13578847.158694731,5000.0,6.7,8.0,256.0,12.0,512.0
xiaomi redmi note 15,xiaomi,5690000.0,6000.0,6.77,6.0,128.0,6.0,128.0
xiaomi redmi note 15 pro,xiaomi,10090000.0,6500.0,6.77,12.0,256.0,12.0,256.0
xiaomi redmi note 9 pro,xiaomi,5750000.0,5020.0,6.66,6.0,64.0,6.0,64.0
xiaomi redmi turbo 4,xiaomi,8153879.234115881,6550.0,6.7,8.0,128.0,8.0,128.0
xiaomii 14 lite,xiaomi,7991293.528099328,4600.0,6.67,12.0,512.0,12.0,512.0
zte blade a72,zte,1990000.0,5130.0,6.745,3.0,128.0,3.0,128.0
zte blade v50 design,zte,2790000.0,5000.0,6.6,8.0,128.0,8.0,256.0
zte nubia z50 ultra,zte,15133802.423898663,5000.0,6.8,8.0,256.0,8.0,256.0
zte nubia z60s pro,zte,10990000.0,5100.0,6.78,12.0,256.0,16.0,512.0
zte v70,zte,5134156.969696444,5100.0,6.67,8.0,256.0,8.0,256.0
