Name,Gaming_Need,Battery_Need,Photography_Need,Performance_Need,Large_Display_Need,HighRes_Need,Multitask_Need,Brand,antutu_11,Battery,Screen Size,RAM_min,ROM_min,Refresh Rate,rear_mp_max,PPI,rear_ois,rear_count,rear_telephoto,rear_wide,NFC,has_eSIM,OS_Name
apple iphone 5s,0,0,0,0,0,0,0,apple,419670.0,1560.0,4.0,1.0,16.0,120.0,8.0,326.0,0.0,1.0,0.0,0.0,0,0,iOS
asus rog phone 6,1,1,0,1,0,0,1,asus,1411891.0,6000.0,6.78,12.0,256.0,165.0,50.0,394.6,0.0,3.0,0.0,1.0,1,0,Android
asus rog phone 7 pro,1,1,0,1,0,0,0,asus,1752044.0,6000.0,6.3,8.0,128.0,120.0,50.0,396.3,0.0,3.0,1.0,1.0,1,0,Android
asus rog phone 8,1,1,0,0,0,0,1,asus,1118041.0,6000.0,6.7,12.0,256.0,165.0,64.0,392.8,0.0,3.0,0.0,1.0,1,0,Android
blackview a95,0,0,0,0,0,0,0,Other,303398.0,3880.0,6.5,8.0,128.0,60.0,20.0,332.29999999999995,0.0,1.0,0.0,0.0,0,0,Android
blackview n6000,0,0,0,0,0,0,0,Other,547830.0,3880.0,6.4,8.0,256.0,90.0,48.0,84.4,0.0,2.0,0.0,0.0,1,0,Android
bphone b40,0,0,0,0,0,0,0,Other,419670.0,3000.0,6.675,4.0,64.0,120.0,48.0,396.3,0.0,2.0,0.0,0.0,0,0,Android
bphone b86s,0,0,0,0,0,0,0,Other,412926.0,3000.0,6.1,4.0,128.0,120.0,12.0,396.6,0.0,2.0,0.0,0.0,0,1,Android
doogee v30t,0,1,0,0,0,1,1,Other,722902.0,10800.0,6.58,12.0,256.0,120.0,108.0,401.1,0.0,3.0,0.0,1.0,1,0,Android
google pixel 2,0,0,0,0,0,1,0,google,438016.0,2700.0,5.0,4.0,64.0,120.0,2.0,440.6,1.0,1.0,0.0,1.0,1,1,Android
google pixel 2 xl,0,0,0,0,0,1,0,google,438016.0,3520.0,6.0,4.0,64.0,120.0,2.0,536.7,1.0,1.0,0.0,1.0,1,1,Android
google pixel 3,0,0,0,0,0,1,0,google,570119.0,2915.0,5.5,4.0,64.0,120.0,2.0,439.1,1.0,1.0,0.0,1.0,1,1,Android
google pixel 3 xl,0,0,0,0,0,1,0,google,570119.0,3430.0,6.3,4.0,64.0,120.0,2.0,522.5,1.0,1.0,0.0,1.0,1,1,Android
google pixel 4 xl,0,0,1,0,0,1,0,google,820253.0,3700.0,6.3,6.0,64.0,90.0,16.0,533.9,1.0,2.0,1.0,1.0,1,1,Android
google pixel 4a,0,0,0,0,0,1,0,google,506661.0,3140.0,5.8,6.0,128.0,120.0,2.0,444.3,1.0,1.0,0.0,1.0,1,1,Android
google pixel 5,0,0,0,0,0,1,0,google,597153.0,4080.0,6.0,8.0,128.0,90.0,16.0,429.5,0.0,2.0,0.0,1.0,1,1,Android
google pixel 5a,0,0,0,0,0,0,0,google,597153.0,4680.0,6.0,6.0,128.0,90.0,16.0,396.3,0.0,2.0,0.0,1.0,1,1,Android
google pixel 6,0,0,0,0,0,1,0,google,1019946.0,4614.0,6.4,8.0,128.0,90.0,50.0,411.2,0.0,2.0,0.0,1.0,1,1,Android
google pixel 6 pro,1,0,1,0,0,1,1,google,1019946.0,5003.0,6.7,12.0,128.0,120.0,50.0,512.9,1.0,3.0,1.0,1.0,1,1,Android
google pixel 6a,0,0,0,0,0,1,0,google,1019946.0,4410.0,6.1,6.0,128.0,90.0,12.0,431.4,0.0,2.0,0.0,1.0,1,1,Android
google pixel 7,0,0,0,0,0,1,0,google,1158921.0,4355.0,6.3,8.0,128.0,90.0,50.0,417.7,0.0,2.0,0.0,1.0,1,1,Android
google pixel 7 pro,1,0,1,0,0,1,0,google,1158921.0,5000.0,6.7,8.0,128.0,120.0,50.0,512.9,1.0,3.0,1.0,1.0,1,1,Android
google pixel 8 pro,1,0,1,1,0,0,0,google,1414384.0,5050.0,6.7,8.0,128.0,120.0,50.0,394.6,1.0,2.0,1.0,0.0,1,0,Android
google pixel 8a,1,0,0,1,0,1,0,google,1414384.0,4492.0,6.1,8.0,256.0,120.0,50.0,431.4,0.0,2.0,0.0,0.0,1,0,Android
google pixel 9,1,0,0,1,0,1,1,google,1499601.0,4700.0,6.3,12.0,128.0,120.0,50.0,419.5,0.0,2.0,0.0,1.0,1,1,Android
google pixel 9 pro,1,0,0,1,0,1,1,google,1499601.0,4700.0,6.3,16.0,128.0,120.0,50.0,458.1,0.0,3.0,1.0,1.0,1,1,Android
google pixel 9 pro fold,1,0,1,1,1,0,1,google,1499601.0,4650.0,8.0,16.0,128.0,120.0,48.0,330.3,1.0,3.0,1.0,1.0,1,1,Android
google pixel 9 pro xl,1,0,0,1,1,0,1,google,1499601.0,5060.0,6.8,16.0,128.0,120.0,50.0,396.3,0.0,3.0,1.0,1.0,1,1,Android
google pixel fold,1,0,1,0,1,0,1,google,1158921.0,4821.0,7.6,12.0,256.0,120.0,48.0,372.6,1.0,3.0,1.0,1.0,1,1,Android
honor 200 lite,0,0,0,0,0,0,0,honor,581315.0,4500.0,6.7,8.0,256.0,90.0,108.0,394.4,0.0,3.0,0.0,1.0,1,0,Android
honor 200 pro,1,0,1,1,0,0,1,honor,1795718.0,5200.0,6.7,12.0,256.0,120.0,50.0,394.6,1.0,3.0,1.0,0.0,1,0,Android
honor 400,1,1,1,0,0,1,1,honor,1020938.0,6000.0,6.55,12.0,256.0,120.0,200.0,460.1,1.0,2.0,0.0,1.0,1,1,Android
honor 400 pro,1,1,1,1,0,1,1,honor,2341391.0,6000.0,6.7,12.0,512.0,120.0,200.0,459.5,1.0,3.0,1.0,1.0,1,1,Android
honor 600,0,1,0,0,0,0,0,honor,419670.0,9000.0,6.57,8.0,128.0,120.0,48.0,399.9,0.0,2.0,0.0,0.0,0,0,Android
honor 600 pro,0,1,0,0,0,0,1,honor,419670.0,9000.0,6.57,12.0,256.0,120.0,48.0,399.9,0.0,2.0,0.0,0.0,0,0,Android
honor 70 lite,0,0,0,0,0,0,0,honor,477542.0,5000.0,6.5,4.0,128.0,60.0,50.0,269.9,0.0,3.0,0.0,0.0,1,0,Android
honor 80,1,0,0,1,1,0,1,honor,1294632.0,4800.0,7.9,12.0,256.0,120.0,200.0,396.3,0.0,1.0,0.0,0.0,1,0,Android
honor 80 gt,1,0,0,1,0,0,1,honor,1411891.0,4800.0,6.66,12.0,256.0,120.0,54.0,395.2,0.0,3.0,0.0,1.0,1,0,Android
honor 80 pro,1,0,0,1,1,0,1,honor,1294632.0,4800.0,7.9,12.0,256.0,120.0,200.0,396.3,0.0,1.0,0.0,0.0,1,0,Android
honor 80 pro plus,1,0,0,1,1,0,1,honor,1294632.0,5200.0,7.9,12.0,256.0,120.0,200.0,396.3,0.0,1.0,0.0,0.0,0,0,Android
honor 90,0,0,0,0,0,0,0,honor,829085.0,5000.0,6.7,8.0,256.0,120.0,200.0,394.6,0.0,3.0,0.0,1.0,1,0,Android
honor 90 lite,0,0,0,0,0,0,0,honor,527185.0,4500.0,6.7,8.0,256.0,90.0,100.0,391.2,0.0,4.0,0.0,1.0,1,0,Android
honor 90 pro,1,0,1,1,0,0,1,honor,1411891.0,5000.0,6.78,12.0,256.0,120.0,200.0,396.3,1.0,3.0,0.0,1.0,1,0,Android
honor magic 2,0,0,0,0,0,1,0,honor,739763.0,3500.0,6.39,8.0,128.0,120.0,24.0,403.3,0.0,3.0,0.0,0.0,1,0,Android
honor magic 5,1,0,1,1,0,0,1,honor,1752044.0,5100.0,6.73,12.0,256.0,120.0,54.0,394.6,1.0,3.0,1.0,1.0,1,0,Android
honor magic 6 pro,1,1,1,1,1,0,1,honor,2341391.0,5600.0,6.8,12.0,512.0,120.0,180.0,396.3,1.0,3.0,1.0,1.0,1,0,Android
honor magic 7 pro,1,1,0,1,1,1,1,honor,3336910.0,5850.0,6.8,16.0,1024.0,120.0,200.0,452.8,0.0,3.0,1.0,1.0,1,1,Android
honor magic v,0,0,0,1,1,0,1,honor,1294632.0,4750.0,7.9,12.0,256.0,90.0,50.0,381.8,0.0,3.0,0.0,1.0,1,0,Android
honor magic v flip 2,1,0,0,1,1,0,1,honor,2341391.0,5200.0,6.82,16.0,1024.0,120.0,200.0,396.3,0.0,2.0,0.0,1.0,1,1,Android
honor magic v3,1,0,0,1,1,1,1,honor,3336910.0,5150.0,7.0,12.0,512.0,120.0,50.0,430.6,0.0,3.0,1.0,1.0,0,0,Android
honor magic v5,1,1,1,1,0,1,1,honor,3336910.0,5820.0,6.43,16.0,512.0,120.0,64.0,409.3,1.0,3.0,1.0,1.0,1,1,Android
honor play 10,0,0,0,0,0,0,0,honor,357879.0,5000.0,6.74,4.0,128.0,90.0,13.0,260.3,0.0,1.0,0.0,0.0,0,0,Android
honor play 40c,0,0,0,0,0,0,0,honor,477542.0,5200.0,6.6,6.0,128.0,90.0,13.0,267.5,0.0,1.0,0.0,0.0,0,0,Android
honor play 7t pro,0,0,0,0,0,0,0,honor,527185.0,4000.0,6.7,8.0,128.0,90.0,50.0,391.2,0.0,2.0,0.0,1.0,0,0,Android
honor power,1,1,0,0,0,0,0,honor,1020938.0,8000.0,6.78,8.0,256.0,120.0,50.0,396.3,0.0,2.0,0.0,0.0,0,0,Android
honor x40,0,0,0,0,0,0,0,honor,592489.0,5100.0,6.66,6.0,128.0,120.0,50.0,395.2,0.0,2.0,0.0,1.0,0,0,Android
honor x5 plus,0,0,0,0,0,0,0,honor,195539.0,5200.0,6.56,4.0,64.0,90.0,50.0,269.1,0.0,8.0,0.0,0.0,1,0,Android
honor x50i,0,0,0,0,0,0,0,honor,527185.0,4500.0,6.7,6.0,128.0,90.0,108.0,391.2,0.0,2.0,0.0,0.0,0,0,Android
honor x5b,0,0,0,0,0,0,0,honor,195539.0,5200.0,6.56,4.0,64.0,90.0,13.0,269.1,0.0,1.0,0.0,0.0,0,0,Android
honor x5c plus,0,0,0,0,0,0,0,honor,357879.0,5130.0,6.74,4.0,64.0,90.0,50.0,260.3,0.0,1.0,0.0,0.0,1,0,Android
honor x6,0,0,0,0,0,0,0,honor,419670.0,5000.0,6.5,4.0,128.0,120.0,50.0,269.9,0.0,3.0,0.0,1.0,1,0,Android
honor x6a,0,0,0,0,0,0,0,honor,195539.0,5200.0,6.56,4.0,128.0,90.0,50.0,269.1,0.0,3.0,0.0,0.0,1,0,Android
honor x7,0,0,0,0,0,0,0,honor,415362.0,5000.0,6.74,4.0,128.0,90.0,48.0,261.9,0.0,4.0,0.0,1.0,0,0,Android
honor x7c,0,1,0,0,0,0,0,honor,461236.0,6000.0,6.77,8.0,256.0,120.0,108.0,396.3,0.0,2.0,0.0,0.0,0,0,Android
honor x7d,0,1,0,0,0,0,0,honor,461236.0,6500.0,6.77,8.0,128.0,120.0,108.0,396.3,0.0,2.0,0.0,0.0,0,0,Android
honor x8a,0,0,0,0,0,0,0,honor,353817.0,4500.0,6.7,8.0,128.0,90.0,5.0,389.5,0.0,2.0,0.0,1.0,1,0,Android
honor x8d,0,1,0,0,0,0,0,honor,522680.0,6800.0,6.77,8.0,128.0,120.0,108.0,387.7,0.0,2.0,0.0,0.0,1,0,Android
honor x9,0,0,0,0,1,0,0,honor,592489.0,4800.0,6.81,8.0,128.0,120.0,48.0,384.9,0.0,3.0,0.0,0.0,1,0,Android
honor x9b,0,1,0,0,0,1,1,honor,733620.0,5800.0,6.78,12.0,256.0,120.0,8.0,429.3,0.0,3.0,0.0,1.0,1,0,Android
honor x9c,0,1,1,0,0,0,1,honor,733620.0,6600.0,6.78,12.0,256.0,120.0,108.0,396.3,1.0,2.0,0.0,1.0,1,0,Android
honor x9d,1,1,0,0,0,1,1,honor,963651.0,8300.0,6.79,12.0,256.0,120.0,108.0,427.1,0.0,2.0,0.0,1.0,1,0,Android
htc u23 pro,0,0,0,0,0,0,1,Other,829085.0,5000.0,6.675,12.0,256.0,120.0,50.0,396.3,0.0,3.0,0.0,1.0,1,0,Android
huawei enjoy 20 plus,0,0,0,0,0,1,0,huawei,419670.0,4500.0,6.5,8.0,128.0,120.0,48.0,404.9,0.0,3.0,0.0,1.0,0,0,Android
huawei enjoy 50 pro,0,0,0,0,0,0,0,huawei,415362.0,4500.0,6.7,8.0,128.0,90.0,50.0,391.2,0.0,2.0,0.0,0.0,1,0,Android
huawei enjoy 60x,0,1,0,0,1,0,0,huawei,415362.0,7000.0,6.95,8.0,128.0,90.0,50.0,375.5,0.0,2.0,0.0,1.0,1,0,Android
huawei mate 50e,0,0,0,0,0,0,0,huawei,780000.0,4460.0,6.7,8.0,256.0,90.0,50.0,394.6,0.0,2.0,0.0,1.0,1,0,Android
huawei mate 60 pro,1,0,1,0,1,0,1,huawei,1062256.0,5000.0,6.82,12.0,256.0,120.0,50.0,396.3,1.0,3.0,1.0,1.0,1,0,Android
huawei mate x2,0,0,0,0,1,0,0,huawei,1079281.0,4500.0,8.0,8.0,256.0,90.0,50.0,359.6,0.0,4.0,1.0,1.0,1,0,Android
huawei mate x6,1,0,0,1,0,0,1,huawei,1752044.0,5100.0,6.675,12.0,256.0,120.0,50.0,396.3,0.0,3.0,1.0,1.0,0,0,Android
huawei mate x7,0,1,1,0,1,0,1,huawei,419670.0,5600.0,8.0,16.0,512.0,120.0,50.0,359.6,1.0,3.0,1.0,1.0,1,0,Android
huawei mate xt ultimate,1,1,0,0,1,0,1,huawei,1155792.0,5600.0,10.2,16.0,256.0,120.0,50.0,396.3,0.0,3.0,0.0,0.0,0,0,Android
huawei nova 10,0,0,0,0,0,0,0,huawei,780000.0,4000.0,6.66,8.0,128.0,120.0,50.0,395.2,0.0,3.0,0.0,1.0,1,0,Android
huawei nova 10 pro,0,0,0,0,0,0,0,huawei,780000.0,4500.0,6.78,8.0,128.0,120.0,50.0,396.3,0.0,3.0,0.0,1.0,1,0,Android
huawei nova 10 se,0,0,0,0,0,0,0,huawei,780000.0,4500.0,6.66,8.0,256.0,90.0,108.0,395.2,0.0,3.0,0.0,0.0,1,0,Android
huawei nova 10z,0,0,0,0,0,0,0,huawei,419670.0,4000.0,6.6,8.0,128.0,120.0,64.0,398.8,0.0,3.0,0.0,1.0,0,0,Android
huawei nova 11 se,0,0,0,0,0,0,0,huawei,415362.0,4500.0,6.67,8.0,256.0,90.0,108.0,394.6,0.0,3.0,0.0,0.0,1,0,Android
huawei nova 11i,0,0,0,0,1,0,0,huawei,415362.0,5000.0,6.8,8.0,128.0,90.0,48.0,385.4,0.0,2.0,0.0,0.0,0,0,Android
huawei nova 12 pro,1,0,0,0,0,1,0,huawei,1062256.0,4900.0,6.78,8.0,256.0,120.0,50.0,429.3,0.0,3.0,1.0,1.0,1,0,Android
huawei nova 7 se,0,0,0,0,0,1,0,huawei,602614.0,4000.0,6.5,8.0,128.0,120.0,64.0,404.9,0.0,4.0,0.0,1.0,0,0,Android
huawei nova y71,0,1,0,0,0,0,0,huawei,419670.0,6000.0,6.75,8.0,128.0,120.0,48.0,259.9,0.0,3.0,0.0,1.0,0,0,Android
huawei p30,0,0,0,0,0,1,0,huawei,739763.0,3650.0,6.1,8.0,128.0,120.0,40.0,422.5,0.0,3.0,0.0,0.0,1,0,Android
huawei p30 lite,0,0,0,0,0,1,0,huawei,336905.0,4300.0,6.15,6.0,128.0,120.0,24.0,414.9,0.0,3.0,0.0,0.0,1,0,Android
huawei p50 pocket s,0,0,0,0,0,0,0,huawei,780000.0,4500.0,6.7,8.0,256.0,120.0,50.0,396.3,0.0,3.0,0.0,1.0,1,0,Android
huawei p50 pro,0,0,0,0,0,1,0,huawei,419670.0,4500.0,6.3,8.0,256.0,120.0,48.0,409.1,0.0,2.0,0.0,0.0,1,0,Android
huawei p60,1,0,1,1,0,0,0,huawei,1411891.0,4815.0,6.66,8.0,128.0,120.0,48.0,394.6,1.0,3.0,1.0,1.0,1,0,Android
huawei p60 art,1,0,1,1,0,0,1,huawei,1411891.0,5100.0,6.67,12.0,512.0,120.0,48.0,394.6,1.0,3.0,1.0,1.0,1,0,Android
huawei p60 pro,1,0,0,1,0,0,0,huawei,1411891.0,4815.0,6.66,8.0,256.0,120.0,48.0,394.6,0.0,3.0,0.0,1.0,1,0,Android
huawei pocket s,0,0,0,0,1,1,0,huawei,780000.0,4000.0,6.9,8.0,128.0,120.0,40.0,457.6,0.0,2.0,0.0,1.0,1,0,Android
huawei y6s 2019,0,0,0,0,0,1,0,huawei,419670.0,3020.0,6.1,3.0,32.0,120.0,48.0,457.3,0.0,2.0,0.0,0.0,1,0,Android
huawei nova 9 se,0,0,0,0,0,0,0,huawei,415362.0,4000.0,6.78,8.0,128.0,90.0,108.0,386.6,0.0,4.0,0.0,1.0,1,0,Android
infinix hot 50 pro,0,0,0,0,0,0,0,infinix,570469.0,5000.0,6.78,8.0,256.0,120.0,50.0,396.3,0.0,1.0,0.0,0.0,0,0,Android
infinix hot 50i,0,0,0,0,0,0,0,infinix,357879.0,5000.0,6.7,4.0,128.0,120.0,48.0,261.9,0.0,1.0,0.0,0.0,0,0,Android
infinix note 30 pro,0,0,0,0,0,0,0,infinix,547830.0,5000.0,6.78,8.0,256.0,120.0,108.0,396.3,0.0,2.0,0.0,1.0,1,0,Android
infinix smart 9,0,0,0,0,0,0,0,infinix,357879.0,5000.0,6.7,3.0,64.0,120.0,13.0,261.9,0.0,1.0,0.0,0.0,0,0,Android
infinix zero,0,0,0,0,0,0,0,infinix,722902.0,5000.0,6.78,8.0,256.0,120.0,50.0,396.3,0.0,2.0,0.0,0.0,0,0,Android
infinix zero 30,1,0,0,0,0,0,0,infinix,969978.0,5000.0,6.78,8.0,256.0,144.0,108.0,388.2,0.0,3.0,0.0,1.0,1,0,Android
iphone 11,1,0,0,0,0,0,0,apple,1091336.0,3110.0,6.1,4.0,64.0,120.0,12.0,323.6,0.0,1.0,0.0,1.0,1,1,iOS
iphone 12,0,0,0,1,0,1,0,apple,1337390.0,2815.0,6.1,4.0,64.0,60.0,12.0,457.3,0.0,2.0,0.0,1.0,1,1,iOS
iphone 12 mini i,0,0,0,1,0,1,0,apple,1337390.0,2227.0,5.4,4.0,64.0,60.0,12.0,477.3,0.0,2.0,0.0,1.0,1,1,iOS
iphone 12 pro max i,0,0,1,1,0,1,0,apple,1337390.0,3687.0,6.7,6.0,128.0,60.0,12.0,456.8,1.0,3.0,1.0,1.0,1,1,iOS
iphone 13 pro,1,0,0,1,0,1,0,apple,1413275.0,3095.0,6.1,6.0,128.0,120.0,12.0,457.3,0.0,3.0,1.0,1.0,1,1,iOS
iphone 13 pro max,1,0,0,1,0,1,0,apple,1413275.0,4352.0,6.7,6.0,128.0,120.0,12.0,456.8,0.0,3.0,1.0,1.0,1,1,iOS
iphone 14,0,0,0,1,0,1,0,apple,1413275.0,3279.0,6.1,6.0,128.0,60.0,12.0,457.3,0.0,2.0,0.0,1.0,1,1,iOS
iphone 14 plus,0,0,0,1,0,1,0,apple,1413275.0,4325.0,6.7,6.0,128.0,60.0,12.0,456.8,0.0,2.0,0.0,1.0,1,1,iOS
iphone 14 pro,1,0,1,1,0,1,0,apple,1633145.0,3200.0,6.1,6.0,128.0,120.0,48.0,461.4,1.0,3.0,1.0,1.0,1,1,iOS
iphone 14 pro max,1,0,1,1,0,1,0,apple,1633145.0,4323.0,6.7,6.0,256.0,120.0,48.0,459.6,1.0,3.0,1.0,1.0,1,1,iOS
iphone 15,0,0,0,1,0,1,0,apple,1633145.0,3349.0,6.1,6.0,128.0,60.0,48.0,461.4,0.0,2.0,0.0,0.0,1,1,iOS
iphone 15 plus,0,0,0,1,0,1,0,apple,1633145.0,4383.0,6.7,6.0,128.0,60.0,48.0,459.6,0.0,2.0,0.0,0.0,1,1,iOS
iphone 15 pro,1,0,0,1,0,1,0,apple,1503813.0,3274.0,6.1,8.0,128.0,120.0,48.0,461.4,0.0,3.0,1.0,1.0,1,1,iOS
iphone 15 pro max,1,0,0,1,0,1,0,apple,1503813.0,4422.0,6.7,8.0,1024.0,120.0,48.0,459.6,0.0,3.0,1.0,1.0,1,1,iOS
iphone 16,0,0,0,1,0,1,0,apple,1918031.0,3274.0,6.1,8.0,128.0,60.0,48.0,461.4,0.0,2.0,0.0,1.0,1,0,iOS
iphone 16 plus,0,0,0,1,0,1,0,apple,1918031.0,3274.0,6.7,8.0,128.0,60.0,48.0,459.6,0.0,2.0,0.0,1.0,1,0,iOS
iphone 16 pro,1,0,0,1,0,1,0,apple,1808835.0,3274.0,6.3,8.0,128.0,120.0,48.0,458.1,0.0,3.0,1.0,1.0,1,0,iOS
iphone 16 pro max,1,0,0,1,1,1,0,apple,1808835.0,3274.0,6.9,8.0,256.0,120.0,48.0,457.6,0.0,3.0,1.0,1.0,1,0,iOS
iphone 16e,0,0,0,1,0,1,0,apple,1918031.0,3279.0,6.1,8.0,128.0,60.0,48.0,457.3,0.0,2.0,1.0,0.0,1,0,iOS
iphone 17,1,0,0,1,0,1,0,apple,2239708.0,3274.0,6.3,8.0,256.0,120.0,48.0,458.1,0.0,3.0,1.0,1.0,1,0,iOS
iphone 17 pro,1,0,1,1,0,1,1,apple,2606807.0,3274.0,6.3,12.0,256.0,120.0,48.0,458.1,1.0,3.0,1.0,1.0,1,0,iOS
iphone 17 pro max,1,0,1,1,1,1,1,apple,2606807.0,3274.0,6.9,12.0,256.0,120.0,48.0,457.6,1.0,3.0,1.0,1.0,1,0,iOS
iphone 17e,0,0,0,1,0,1,0,apple,2239708.0,3279.0,6.1,8.0,256.0,60.0,48.0,457.3,0.0,2.0,1.0,0.0,1,1,iOS
iphone air,1,0,0,1,0,1,1,apple,2606807.0,2830.0,6.5,12.0,256.0,120.0,48.0,463.4,0.0,1.0,0.0,0.0,1,1,iOS
iqoo 11,1,0,0,1,0,1,0,Other,1752044.0,5000.0,6.78,8.0,128.0,144.0,50.0,506.8,0.0,3.0,1.0,1.0,1,0,Android
iqoo neo 7 pro,1,0,0,1,0,0,0,Other,1411891.0,5000.0,6.78,8.0,256.0,120.0,50.0,396.3,0.0,3.0,0.0,1.0,0,0,Android
itel p55 plus,0,0,0,0,0,0,0,Other,330006.0,5000.0,6.6,8.0,128.0,90.0,50.0,399.9,0.0,1.0,0.0,1.0,1,0,Android
leitz phone 1,1,0,0,0,0,0,1,Other,1118041.0,5000.0,6.6,12.0,256.0,240.0,20.0,399.9,0.0,1.0,0.0,0.0,1,0,Android
lenovo legion y70,1,0,0,1,0,0,0,Other,1411891.0,5100.0,6.66,8.0,128.0,144.0,50.0,395.2,0.0,3.0,0.0,1.0,1,0,Android
lenovo thinkphone,1,0,0,1,0,0,0,Other,1411891.0,5000.0,6.6,8.0,128.0,120.0,50.0,398.8,0.0,2.0,0.0,1.0,1,0,Android
masstel s7,0,0,0,0,0,0,0,Other,153667.0,5000.0,6.745,4.0,128.0,60.0,3.0,260.1,0.0,1.0,0.0,0.0,0,0,Android
meizu 20,1,0,0,1,0,1,1,meizu,1752044.0,4700.0,6.55,12.0,128.0,144.0,50.0,402.9,0.0,3.0,0.0,1.0,1,0,Android
meizu 20 pro,1,0,0,1,1,1,1,meizu,1752044.0,5000.0,6.81,12.0,128.0,120.0,50.0,515.3,0.0,3.0,1.0,1.0,1,0,Android
meizu lucky 08,0,1,0,0,0,1,1,meizu,794701.0,6000.0,6.78,12.0,256.0,120.0,108.0,450.4,0.0,2.0,0.0,0.0,0,0,Android
meizu mblu 21,0,0,0,0,0,0,0,meizu,330006.0,4900.0,6.79,4.0,64.0,90.0,13.0,396.3,0.0,1.0,0.0,0.0,0,0,Android
meizu mblu 22,0,0,0,0,0,0,0,meizu,153667.0,5000.0,6.79,3.0,64.0,90.0,13.0,396.3,0.0,1.0,0.0,0.0,0,0,Android
meizu mblu 22 pro,0,0,0,0,0,0,0,meizu,357879.0,5000.0,6.79,4.0,128.0,120.0,50.0,263.8,0.0,2.0,0.0,0.0,1,0,Android
meizu mblu note 21 pro,0,0,0,0,0,0,0,meizu,547830.0,5000.0,6.78,8.0,256.0,120.0,64.0,388.2,0.0,2.0,0.0,0.0,1,0,Android
motorola edge 40,1,0,0,0,0,1,0,motorola,969978.0,4400.0,6.55,8.0,128.0,144.0,50.0,401.8,0.0,3.0,0.0,1.0,1,0,Android
motorola edge 40 pro,1,0,0,1,0,0,1,motorola,1752044.0,4600.0,6.67,12.0,256.0,165.0,50.0,394.6,0.0,3.0,1.0,1.0,1,0,Android
motorola edge plus,0,0,0,0,0,0,1,motorola,964589.0,5000.0,6.7,12.0,256.0,90.0,108.0,384.7,0.0,3.0,1.0,1.0,1,0,Android
motorola moto e13,0,0,0,0,0,0,0,motorola,330006.0,5000.0,6.5,2.0,64.0,90.0,13.0,269.9,0.0,1.0,0.0,1.0,0,1,Android
motorola moto g73,0,0,0,0,0,1,0,motorola,593307.0,5000.0,6.5,8.0,256.0,120.0,50.0,404.9,0.0,2.0,0.0,1.0,1,0,Android
motorola razr 40 ultra,1,0,0,1,1,1,0,motorola,1411891.0,3800.0,6.9,8.0,256.0,165.0,13.0,457.6,0.0,2.0,0.0,1.0,1,1,Android
motorola rizr rollable,1,0,0,1,0,1,1,motorola,1752044.0,3000.0,5.0,12.0,256.0,120.0,50.0,526.4,0.0,3.0,1.0,1.0,0,0,Android
nokia 7 2,0,0,0,0,0,1,0,nokia,347995.0,3500.0,6.3,4.0,64.0,120.0,48.0,409.1,0.0,3.0,0.0,0.0,1,0,Android
nokia c02,0,0,0,0,0,0,0,nokia,419670.0,3000.0,5.45,2.0,32.0,120.0,5.0,295.4,0.0,1.0,0.0,0.0,0,0,Android
nokia g400,0,0,0,0,0,0,0,nokia,456551.0,5000.0,6.675,4.0,128.0,120.0,48.0,396.3,0.0,1.0,0.0,0.0,1,0,Android
nokia t10,0,0,0,0,1,0,0,nokia,330006.0,5250.0,8.0,3.0,32.0,90.0,8.0,188.7,0.0,1.0,0.0,0.0,0,0,Android
nokia x21,0,0,0,0,0,0,0,nokia,592489.0,5000.0,6.7,6.0,128.0,120.0,64.0,328.8,0.0,2.0,0.0,1.0,0,0,Android
nokia x30,0,1,0,0,0,0,0,nokia,251428.0,5850.0,6.675,4.0,64.0,90.0,48.0,396.3,0.0,4.0,0.0,0.0,1,0,Android
nothing phone 1,0,0,0,0,0,1,0,Other,800145.0,4500.0,6.55,8.0,128.0,120.0,50.0,401.8,0.0,2.0,0.0,0.0,1,0,Android
nothing phone 2,1,0,0,1,0,1,0,Other,1752044.0,5000.0,6.55,8.0,256.0,120.0,108.0,401.8,0.0,3.0,0.0,1.0,1,0,Android
nothing phone 3a,1,0,0,0,0,0,0,Other,1038717.0,5000.0,6.77,8.0,128.0,120.0,50.0,387.7,0.0,3.0,1.0,1.0,1,0,Android
nothing phone 3a pro,1,0,0,0,0,0,0,Other,1038717.0,5000.0,6.77,8.0,256.0,120.0,50.0,387.7,0.0,3.0,0.0,0.0,1,0,Android
nubia a36,0,0,0,0,0,0,0,nubia,419670.0,5000.0,6.75,4.0,64.0,90.0,13.0,259.9,0.0,1.0,0.0,0.0,0,0,Android
nubia a56,0,0,0,0,0,0,0,nubia,419670.0,5000.0,6.75,4.0,128.0,90.0,13.0,259.9,0.0,1.0,0.0,0.0,0,0,Android
nubia air,0,0,0,0,0,0,0,nubia,639225.0,5000.0,6.78,8.0,256.0,120.0,50.0,396.3,0.0,2.0,0.0,0.0,0,0,Android
nubia neo,0,0,0,0,0,0,0,nubia,757199.0,4500.0,6.6,8.0,256.0,120.0,50.0,399.9,0.0,2.0,0.0,0.0,0,0,Android
nubia neo 2,0,1,0,0,0,0,0,nubia,757199.0,6000.0,6.72,8.0,256.0,120.0,50.0,391.6,0.0,2.0,0.0,1.0,1,0,Android
nubia neo 3,0,1,0,0,1,0,0,nubia,639225.0,6000.0,6.8,8.0,256.0,120.0,50.0,396.3,0.0,2.0,0.0,0.0,1,0,Android
nubia neo 3 gt,0,1,0,0,1,0,1,nubia,701417.0,6000.0,6.8,12.0,256.0,120.0,50.0,386.0,0.0,2.0,0.0,0.0,1,0,Android
nubia neo 5 max,0,0,0,0,0,0,0,nubia,419670.0,5050.0,6.675,8.0,128.0,120.0,48.0,396.3,0.0,2.0,0.0,0.0,0,0,Android
nubia red magic 10,0,1,0,0,0,0,0,nubia,419670.0,6000.0,6.675,8.0,256.0,120.0,48.0,396.3,0.0,2.0,0.0,0.0,0,0,Android
nubia red magic 7 pro,1,0,0,1,1,0,1,nubia,1294632.0,5000.0,6.8,16.0,256.0,120.0,64.0,387.0,0.0,3.0,0.0,1.0,1,0,Android
nubia red magic 7s,1,0,0,1,1,0,0,nubia,1411891.0,4500.0,6.8,8.0,128.0,120.0,64.0,387.0,0.0,3.0,0.0,1.0,1,0,Android
nubia redmagic 8s pro,1,1,0,1,1,0,1,nubia,1752044.0,6000.0,6.8,12.0,256.0,120.0,50.0,399.9,0.0,3.0,0.0,1.0,1,0,Android
nubia redmagic 8s pro transparent,1,1,0,1,1,0,1,nubia,1752044.0,6000.0,6.8,16.0,512.0,120.0,50.0,399.9,0.0,3.0,0.0,0.0,1,0,Android
nubia v60 design,0,0,0,0,0,0,0,nubia,330006.0,5000.0,6.6,6.0,256.0,90.0,50.0,267.5,0.0,2.0,0.0,0.0,0,0,Android
nubia v70 design,0,0,0,0,0,0,0,nubia,330006.0,5000.0,6.7,8.0,128.0,120.0,50.0,261.9,0.0,2.0,0.0,0.0,1,0,Android
nubia v70 max,0,1,0,0,1,0,0,nubia,330006.0,6000.0,6.9,4.0,128.0,120.0,50.0,259.6,0.0,2.0,0.0,0.0,1,0,Android
nubia z40s pro,1,0,1,1,0,0,0,nubia,1411891.0,5000.0,6.66,8.0,128.0,144.0,64.0,395.2,1.0,3.0,1.0,1.0,1,0,Android
nubia z70 ultra,1,1,0,1,1,0,1,nubia,3336910.0,6150.0,6.85,12.0,256.0,144.0,64.0,396.3,0.0,3.0,0.0,0.0,1,0,Android
nubia z70s ultra,1,1,0,1,1,0,1,nubia,3336910.0,6600.0,6.85,12.0,256.0,144.0,64.0,396.3,0.0,3.0,1.0,1.0,1,0,Android
oneplus 10,0,0,0,0,0,0,0,oneplus,419670.0,5000.0,6.675,8.0,128.0,120.0,48.0,396.3,0.0,2.0,0.0,0.0,1,0,Android
oneplus 10 ultra,0,0,0,0,0,0,0,oneplus,419670.0,5000.0,6.675,8.0,128.0,120.0,48.0,396.3,0.0,2.0,0.0,0.0,0,0,Android
oneplus 10r,0,0,0,0,0,0,0,oneplus,419670.0,5000.0,6.675,8.0,128.0,120.0,48.0,396.3,0.0,2.0,0.0,0.0,1,0,Android
oneplus 11 pro,1,0,0,1,0,0,0,oneplus,1752044.0,5000.0,6.55,8.0,128.0,144.0,32.0,399.9,0.0,1.0,0.0,0.0,1,0,Android
oneplus 12,1,0,0,1,0,0,1,oneplus,2341391.0,5000.0,6.7,12.0,256.0,120.0,64.0,394.6,0.0,3.0,1.0,1.0,1,0,Android
oneplus ace 2 pro,1,0,0,1,0,0,1,oneplus,1752044.0,5000.0,6.74,16.0,256.0,120.0,50.0,394.6,0.0,3.0,0.0,1.0,1,0,Android
oneplus ace 2v,1,0,0,1,0,1,1,oneplus,1411891.0,5000.0,6.74,12.0,256.0,120.0,50.0,450.5,0.0,3.0,0.0,1.0,1,0,Android
oneplus ace 3 pro,0,1,0,0,0,0,0,oneplus,419670.0,6100.0,6.675,8.0,128.0,120.0,48.0,396.3,0.0,2.0,0.0,0.0,1,0,Android
oneplus nord 2t,0,0,0,0,0,1,0,oneplus,954090.0,4500.0,6.43,6.0,128.0,90.0,50.0,409.3,0.0,3.0,0.0,0.0,1,0,Android
oneplus nord ce 2 lite,0,0,0,0,0,1,0,oneplus,592489.0,5000.0,6.58,6.0,128.0,120.0,64.0,400.0,0.0,3.0,0.0,0.0,1,0,Android
oneplus nord ce 4 lite,0,0,0,0,0,0,0,oneplus,419670.0,5000.0,6.675,8.0,256.0,120.0,48.0,396.3,0.0,2.0,0.0,0.0,1,0,Android
oneplus nord ce2,0,0,0,0,0,1,0,oneplus,671241.0,4500.0,6.43,6.0,128.0,90.0,64.0,409.3,0.0,3.0,0.0,1.0,1,0,Android
oneplus nord n30,0,0,0,0,0,0,0,oneplus,592489.0,5000.0,6.72,8.0,128.0,120.0,108.0,391.6,0.0,3.0,0.0,1.0,1,0,Android
oneplus open,1,0,0,1,0,1,1,oneplus,1752044.0,4805.0,6.3,16.0,256.0,120.0,64.0,458.1,0.0,3.0,1.0,1.0,1,0,Android
oneplus v fold,1,0,0,1,0,0,1,oneplus,1752044.0,4800.0,6.55,16.0,256.0,120.0,64.0,396.3,0.0,3.0,0.0,1.0,1,0,Android
oppo a1,0,0,0,0,0,0,0,oppo,592489.0,5000.0,6.72,8.0,256.0,120.0,50.0,391.6,0.0,2.0,0.0,1.0,0,0,Android
oppo a1 pro,0,0,0,0,0,0,0,oppo,592489.0,5000.0,6.7,6.0,128.0,120.0,108.0,392.8,0.0,2.0,0.0,1.0,1,0,Android
oppo a18,0,0,0,0,0,0,0,oppo,349222.0,5000.0,6.56,4.0,64.0,90.0,8.0,269.1,0.0,2.0,0.0,0.0,0,0,Android
oppo a1x,0,0,0,0,0,0,0,oppo,515647.0,5000.0,6.56,6.0,128.0,90.0,13.0,269.1,0.0,2.0,0.0,1.0,0,0,Android
oppo a2,0,0,0,0,0,0,1,oppo,527185.0,5000.0,6.72,12.0,256.0,90.0,50.0,391.6,0.0,2.0,0.0,0.0,0,0,Android
oppo a2 pro,0,0,0,0,0,0,0,oppo,802497.0,5000.0,6.7,8.0,256.0,120.0,64.0,394.4,0.0,2.0,0.0,0.0,1,0,Android
oppo a2m,0,0,0,0,0,0,1,oppo,527185.0,5000.0,6.56,12.0,256.0,90.0,13.0,399.9,0.0,1.0,0.0,0.0,0,0,Android
oppo a2x,0,0,0,0,0,0,0,oppo,527185.0,5000.0,6.56,6.0,128.0,90.0,13.0,269.1,0.0,1.0,0.0,0.0,0,0,Android
oppo a31,0,0,0,0,0,0,0,oppo,199111.0,4230.0,6.5,4.0,128.0,60.0,12.0,269.9,0.0,3.0,0.0,0.0,0,0,Android
oppo a32,0,0,0,0,0,0,0,oppo,251428.0,5000.0,6.5,4.0,64.0,90.0,13.0,269.9,0.0,3.0,0.0,1.0,0,0,Android
oppo a52,0,0,0,0,0,1,0,oppo,323556.0,5000.0,6.5,6.0,128.0,120.0,12.0,411.2,0.0,4.0,0.0,1.0,0,0,Android
oppo a58,0,0,0,0,0,0,0,oppo,349222.0,5000.0,6.72,6.0,128.0,60.0,50.0,393.3,0.0,2.0,0.0,0.0,0,0,Android
oppo a6 pro,0,1,0,0,0,0,0,oppo,570469.0,7000.0,6.57,8.0,128.0,120.0,50.0,396.7,0.0,2.0,0.0,0.0,1,0,Android
oppo a6t,0,1,0,0,0,0,0,oppo,461236.0,6100.0,6.75,4.0,64.0,120.0,13.0,396.3,0.0,1.0,0.0,0.0,1,0,Android
oppo a77,0,0,0,0,0,0,0,oppo,569913.0,5000.0,6.56,6.0,128.0,90.0,48.0,269.1,0.0,2.0,0.0,0.0,1,0,Android
oppo a79,0,0,0,0,0,0,0,oppo,527185.0,5000.0,6.72,8.0,256.0,90.0,50.0,391.6,0.0,2.0,0.0,0.0,1,0,Android
oppo a92,0,0,0,0,0,1,0,oppo,323556.0,5000.0,6.5,8.0,128.0,120.0,48.0,404.9,0.0,4.0,0.0,1.0,0,0,Android
oppo a97,0,0,0,0,0,1,0,oppo,419670.0,5000.0,6.56,8.0,256.0,90.0,50.0,402.9,0.0,2.0,0.0,1.0,0,0,Android
oppo a98,0,0,0,0,0,0,0,oppo,780000.0,5000.0,6.6,8.0,128.0,120.0,48.0,399.9,0.0,2.0,0.0,0.0,0,0,Android
oppo f17,0,0,0,0,0,1,0,oppo,320666.0,4000.0,6.44,4.0,128.0,120.0,16.0,408.7,0.0,4.0,0.0,1.0,0,0,Android
oppo f17 pro,0,0,0,0,0,1,0,oppo,380202.0,4015.0,6.4,8.0,128.0,120.0,48.0,411.2,0.0,4.0,0.0,1.0,0,0,Android
oppo f23,0,0,0,0,0,0,0,oppo,592489.0,5000.0,6.72,8.0,256.0,120.0,64.0,391.6,0.0,3.0,0.0,0.0,0,0,Android
oppo f27 pro plus,0,0,0,0,0,0,1,oppo,419670.0,5000.0,6.675,12.0,256.0,120.0,48.0,396.3,0.0,2.0,0.0,0.0,1,0,Android
oppo find n,1,0,0,0,1,0,0,oppo,1118041.0,4500.0,7.1,8.0,256.0,120.0,50.0,396.3,0.0,3.0,1.0,1.0,1,0,Android
oppo find n2,1,0,0,1,1,1,1,oppo,1411891.0,4520.0,7.0,12.0,256.0,120.0,50.0,430.6,0.0,3.0,1.0,1.0,1,0,Android
oppo find n3,1,0,0,1,1,1,1,oppo,1752044.0,4805.0,7.82,16.0,512.0,120.0,64.0,426.0,0.0,3.0,1.0,1.0,1,1,Android
oppo find n3 flip,1,0,0,1,1,1,1,oppo,1755232.0,4300.0,6.8,12.0,256.0,120.0,50.0,403.2,0.0,3.0,1.0,1.0,1,0,Android
oppo find n5,1,1,1,1,1,0,1,oppo,3336910.0,5600.0,8.12,16.0,512.0,120.0,50.0,396.3,1.0,3.0,1.0,1.0,1,1,Android
oppo find n6,1,1,0,1,1,0,1,oppo,3932243.0,6000.0,8.12,16.0,512.0,120.0,200.0,396.3,0.0,4.0,1.0,1.0,1,1,Android
oppo find x5 pro,1,0,0,1,0,1,1,oppo,1294632.0,5000.0,6.7,12.0,256.0,120.0,50.0,525.9,0.0,3.0,1.0,1.0,1,0,Android
oppo find x7,0,0,0,0,0,0,0,oppo,419670.0,5000.0,6.675,8.0,128.0,120.0,48.0,396.3,0.0,2.0,0.0,0.0,0,0,Android
oppo find x7 ultra,0,0,0,0,0,0,0,oppo,419670.0,5000.0,6.675,8.0,128.0,120.0,48.0,396.3,0.0,2.0,0.0,0.0,0,0,Android
oppo find x8,1,1,1,1,0,1,1,oppo,2825187.0,5630.0,6.59,16.0,512.0,120.0,50.0,460.1,1.0,3.0,1.0,1.0,1,1,Android
oppo find x8 mini,1,1,0,1,0,1,1,oppo,2825187.0,5600.0,6.3,12.0,256.0,120.0,50.0,458.1,0.0,3.0,1.0,1.0,0,0,Android
oppo find x8 pro,1,1,0,1,0,0,1,oppo,2825187.0,5910.0,6.78,16.0,512.0,120.0,50.0,396.3,0.0,3.0,1.0,1.0,0,0,Android
oppo find x8 ultra,0,1,0,0,0,0,0,oppo,419670.0,6100.0,6.675,8.0,128.0,120.0,48.0,396.3,0.0,2.0,0.0,0.0,0,0,Android
oppo find x9,1,1,1,1,0,1,1,oppo,3508681.0,7025.0,6.59,12.0,256.0,120.0,50.0,460.1,1.0,4.0,1.0,1.0,1,1,Android
oppo find x9 pro,1,1,1,1,0,0,1,oppo,3508681.0,7500.0,6.78,16.0,512.0,120.0,200.0,396.3,1.0,4.0,1.0,1.0,1,1,Android
oppo find x9 ultra,1,1,1,1,1,1,1,oppo,3932243.0,7050.0,6.82,12.0,512.0,120.0,200.0,510.3,1.0,5.0,1.0,1.0,1,1,Android
oppo find x9s,1,1,0,1,0,1,1,oppo,3041307.0,7025.0,6.59,12.0,256.0,120.0,50.0,460.1,0.0,3.0,1.0,1.0,1,1,Android
oppo k10 pro,1,0,0,0,0,0,0,oppo,1118041.0,5000.0,6.62,8.0,128.0,120.0,50.0,397.6,0.0,3.0,0.0,1.0,1,0,Android
oppo k10x,0,0,0,0,0,1,0,oppo,592489.0,5000.0,6.59,6.0,128.0,144.0,64.0,401.0,0.0,3.0,0.0,1.0,0,0,Android
oppo k11,0,0,0,0,0,0,0,oppo,806420.0,4870.0,6.7,8.0,256.0,120.0,50.0,394.6,0.0,3.0,0.0,0.0,1,0,Android
oppo k11x,0,0,0,0,0,0,0,oppo,592489.0,5000.0,6.72,8.0,128.0,120.0,108.0,391.6,0.0,2.0,0.0,1.0,0,0,Android
oppo k9 pro,1,0,0,0,0,1,0,oppo,980006.0,4500.0,6.43,8.0,128.0,120.0,64.0,409.3,0.0,3.0,0.0,0.0,0,0,Android
oppo k9s,0,0,0,0,0,0,0,oppo,780000.0,5000.0,6.59,4.0,128.0,120.0,64.0,399.9,0.0,3.0,0.0,1.0,0,0,Android
oppo k9x,0,0,0,0,0,1,0,oppo,569913.0,5000.0,6.5,6.0,128.0,90.0,64.0,404.9,0.0,3.0,0.0,1.0,0,0,Android
oppo phf110,0,0,0,0,0,0,0,oppo,592489.0,5000.0,6.72,8.0,128.0,120.0,108.0,394.6,0.0,2.0,0.0,0.0,0,0,Android
oppo reno 11 a,0,0,0,0,0,0,1,oppo,419670.0,5000.0,6.675,12.0,256.0,120.0,48.0,396.3,0.0,2.0,0.0,0.0,0,0,Android
oppo reno10,0,0,0,0,0,0,0,oppo,802497.0,5000.0,6.7,8.0,256.0,120.0,64.0,394.4,0.0,3.0,1.0,1.0,1,0,Android
oppo reno10 pro,1,0,0,1,0,1,1,oppo,1411891.0,4700.0,6.74,12.0,256.0,120.0,64.0,450.5,0.0,3.0,1.0,1.0,1,0,Android
oppo reno12,0,0,0,0,0,0,1,oppo,877329.0,5000.0,6.7,12.0,256.0,120.0,50.0,394.6,0.0,3.0,0.0,1.0,1,0,Android
oppo reno12 f,0,0,0,0,0,0,0,oppo,532738.0,5000.0,6.7,8.0,256.0,120.0,50.0,394.6,0.0,3.0,0.0,1.0,1,0,Android
oppo reno12 f -,0,0,0,0,0,0,1,oppo,532738.0,5000.0,6.7,12.0,256.0,120.0,50.0,394.6,0.0,3.0,0.0,1.0,1,0,Android
oppo reno13 f,0,1,0,0,0,0,0,oppo,570469.0,5800.0,6.67,8.0,256.0,120.0,50.0,394.6,0.0,3.0,0.0,1.0,1,0,Android
oppo reno13f -,0,0,0,0,0,0,0,oppo,419670.0,5000.0,6.675,8.0,128.0,120.0,48.0,396.3,0.0,2.0,0.0,0.0,0,0,Android
oppo reno13f - -,0,1,0,0,0,0,0,oppo,570469.0,5800.0,6.67,8.0,128.0,120.0,50.0,394.6,0.0,3.0,0.0,1.0,1,0,Android
oppo reno14,1,1,1,1,0,1,1,oppo,1718082.0,6000.0,6.59,12.0,256.0,120.0,50.0,460.1,1.0,3.0,1.0,1.0,1,0,Android
oppo reno14 f,0,1,1,0,0,0,0,oppo,733620.0,6000.0,6.57,8.0,256.0,120.0,50.0,396.7,1.0,3.0,0.0,1.0,1,0,Android
oppo reno15 f,0,1,1,0,0,0,0,oppo,733620.0,7000.0,6.57,8.0,256.0,120.0,50.0,396.7,1.0,3.0,0.0,1.0,1,0,Android
oppo reno8,0,0,0,0,0,1,0,oppo,954090.0,4500.0,6.4,8.0,256.0,90.0,50.0,411.2,0.0,3.0,0.0,0.0,1,0,Android
oppo reno8 t,0,0,0,0,0,1,0,oppo,547830.0,5000.0,6.4,8.0,256.0,90.0,100.0,411.2,0.0,3.0,0.0,0.0,1,0,Android
oppo reno9 lite,0,0,0,0,0,0,0,oppo,980006.0,5000.0,6.55,8.0,128.0,90.0,64.0,399.9,0.0,3.0,0.0,0.0,0,0,Android
oppo reno9 pro,1,0,0,1,0,0,1,oppo,1208784.0,4600.0,6.75,12.0,128.0,120.0,64.0,391.0,0.0,4.0,1.0,1.0,1,0,Android
oppo reno9 pro plus,1,0,0,1,0,0,1,oppo,1409448.0,4500.0,6.7,12.0,128.0,120.0,50.0,394.6,0.0,3.0,1.0,1.0,1,0,Android
oppo reno9 z,0,0,0,0,0,0,0,oppo,780000.0,5000.0,6.5,8.0,128.0,90.0,64.0,332.29999999999995,0.0,4.0,0.0,0.0,0,0,Android
poco f6,1,0,0,1,0,1,0,Other,1795718.0,5000.0,6.67,8.0,128.0,120.0,50.0,445.8,0.0,2.0,0.0,1.0,1,1,Android
poco x8 pro max,1,1,1,1,1,1,1,Other,3041307.0,8500.0,6.83,12.0,256.0,120.0,50.0,447.0,1.0,2.0,0.0,1.0,0,1,Android
realme 10,0,0,0,0,0,1,0,realme,547830.0,5000.0,6.4,8.0,256.0,90.0,50.0,411.2,0.0,2.0,0.0,0.0,1,0,Android
realme 10 pro plus,0,0,0,0,0,0,0,realme,722902.0,5000.0,6.7,6.0,64.0,120.0,108.0,392.8,0.0,3.0,0.0,1.0,1,0,Android
realme 11x,0,0,0,0,0,0,0,realme,513180.0,5000.0,6.72,6.0,128.0,120.0,100.0,394.6,0.0,2.0,0.0,0.0,0,0,Android
realme 12 pro,1,0,0,1,0,0,1,realme,1285461.0,5000.0,6.7,16.0,128.0,144.0,108.0,394.6,0.0,3.0,0.0,0.0,1,0,Android
realme 12 pro plus,1,0,0,1,0,0,0,realme,1411891.0,5000.0,6.7,8.0,128.0,120.0,108.0,394.6,0.0,3.0,0.0,0.0,1,0,Android
realme 9 pro,0,0,0,0,0,1,0,realme,592489.0,5000.0,6.6,8.0,128.0,120.0,64.0,400.4,0.0,3.0,0.0,1.0,0,0,Android
realme c30,0,0,0,0,0,0,0,realme,341088.0,5000.0,6.5,2.0,32.0,120.0,8.0,269.9,0.0,1.0,0.0,0.0,0,0,Android
realme c55,0,0,0,0,0,0,0,realme,419670.0,5000.0,6.675,8.0,128.0,90.0,48.0,396.3,0.0,2.0,0.0,0.0,0,0,Android
realme c67,0,0,0,0,0,0,0,realme,461236.0,5000.0,6.72,8.0,256.0,90.0,108.0,391.6,0.0,2.0,0.0,0.0,0,0,Android
realme c75 -,0,0,0,0,0,0,0,realme,419670.0,5000.0,6.675,8.0,128.0,120.0,48.0,396.3,0.0,2.0,0.0,0.0,0,0,Android
realme c75x -,0,0,0,0,0,0,0,realme,419670.0,5000.0,6.675,8.0,128.0,120.0,48.0,396.3,0.0,2.0,0.0,0.0,0,0,Android
realme gt 5 pro,1,0,0,1,0,1,0,realme,2341391.0,4700.0,6.74,8.0,256.0,144.0,200.0,450.5,0.0,3.0,0.0,0.0,1,0,Android
realme gt 5 pro se,1,0,0,1,0,1,0,realme,2341391.0,4700.0,6.74,8.0,256.0,144.0,50.0,450.5,0.0,3.0,0.0,0.0,1,0,Android
realme gt neo 3,1,0,0,0,0,0,0,realme,1085324.0,5000.0,6.7,6.0,128.0,120.0,50.0,394.4,0.0,3.0,0.0,1.0,1,0,Android
realme gt neo 5 se,1,1,0,1,0,1,0,realme,1285461.0,5500.0,6.74,8.0,256.0,144.0,64.0,450.5,0.0,3.0,0.0,1.0,1,0,Android
realme gt neo 6,1,0,0,1,0,0,1,realme,1752044.0,5000.0,6.71,12.0,128.0,120.0,50.0,394.6,0.0,3.0,0.0,0.0,1,0,Android
realme gt3,1,0,0,1,0,1,0,realme,1411891.0,4600.0,6.74,8.0,128.0,144.0,50.0,450.5,0.0,3.0,0.0,1.0,1,0,Android
realme gt6 pro,0,0,0,0,0,0,0,realme,419670.0,5000.0,6.675,8.0,256.0,120.0,48.0,396.3,0.0,2.0,0.0,0.0,1,0,Android
realme narzo 50,0,0,0,0,0,1,0,realme,493222.0,5000.0,6.6,4.0,64.0,120.0,50.0,400.4,0.0,3.0,0.0,1.0,0,0,Android
realme narzo 50i,0,0,0,0,0,0,0,realme,419670.0,5000.0,6.675,4.0,64.0,120.0,48.0,396.3,0.0,2.0,0.0,0.0,0,0,Android
realme narzo 50i prime,0,0,0,0,0,0,0,realme,341088.0,5000.0,6.5,3.0,32.0,120.0,8.0,269.9,0.0,1.0,0.0,1.0,0,0,Android
realme narzo 9i,0,0,0,0,0,0,0,realme,415362.0,5000.0,6.6,4.0,64.0,90.0,50.0,399.9,0.0,3.0,0.0,0.0,1,0,Android
realme narzo n53,0,0,0,0,0,0,0,realme,419670.0,5000.0,6.74,4.0,64.0,90.0,50.0,390.5,0.0,1.0,0.0,0.0,0,0,Android
realme narzo n55,0,0,0,0,0,0,0,realme,419670.0,5000.0,6.675,4.0,64.0,120.0,48.0,396.3,0.0,2.0,0.0,0.0,0,0,Android
realme note 9 prime,0,0,0,0,0,0,0,realme,419670.0,5000.0,6.675,4.0,64.0,120.0,48.0,396.3,0.0,2.0,0.0,0.0,0,0,Android
realme v20,0,0,0,0,0,0,0,realme,515647.0,5000.0,6.5,4.0,128.0,90.0,13.0,269.9,0.0,1.0,0.0,0.0,0,0,Android
realme v30,0,0,0,0,0,0,0,realme,419670.0,5000.0,6.51,4.0,64.0,120.0,13.0,269.5,0.0,1.0,0.0,0.0,0,0,Android
realme v30t,0,0,0,0,0,0,0,realme,515647.0,5000.0,6.5,8.0,128.0,90.0,13.0,332.29999999999995,0.0,2.0,0.0,0.0,0,0,Android
realme x3 pro,0,0,1,0,0,0,1,realme,859084.0,4200.0,6.6,12.0,256.0,120.0,64.0,398.8,1.0,4.0,1.0,1.0,0,0,Android
realme x7 pro,0,0,0,0,0,1,0,realme,708890.0,4500.0,6.55,8.0,256.0,120.0,64.0,401.8,0.0,4.0,0.0,1.0,1,0,Android
realme 9 se,0,0,0,0,0,1,0,realme,780000.0,5000.0,6.6,6.0,128.0,144.0,48.0,400.4,0.0,3.0,0.0,1.0,0,0,Android
red magic 7s pro,1,0,0,1,1,0,1,nubia,1411891.0,5000.0,6.8,12.0,256.0,120.0,64.0,387.0,0.0,3.0,0.0,1.0,1,0,Android
redmi 11a,0,1,0,0,0,0,0,nubia,200794.0,6000.0,6.53,4.0,64.0,120.0,48.0,394.7,0.0,4.0,0.0,1.0,0,0,Android
redmi k50 gaming,1,0,0,1,0,0,0,nubia,1294632.0,4700.0,6.67,8.0,128.0,120.0,64.0,394.6,0.0,3.0,0.0,1.0,1,0,Android
redmi k60 pro,1,0,0,1,0,1,0,nubia,1752044.0,5000.0,6.66,8.0,128.0,120.0,54.0,526.9,0.0,3.0,0.0,1.0,1,0,Android
redmi k60 ultra,1,0,0,1,0,1,0,nubia,1294632.0,4700.0,6.7,8.0,128.0,120.0,108.0,450.2,0.0,3.0,0.0,1.0,1,0,Android
redmi note 11 se,0,0,0,0,0,1,0,nubia,534895.0,5000.0,6.43,6.0,64.0,90.0,64.0,409.3,0.0,4.0,0.0,1.0,1,0,Android
redmi note 13 pro,0,0,0,0,0,1,1,nubia,794701.0,5100.0,6.67,12.0,512.0,120.0,200.0,445.8,0.0,3.0,0.0,0.0,1,0,Android
redmi turbo 5 max,1,1,1,1,0,0,1,nubia,3041307.0,9000.0,6.675,16.0,256.0,120.0,50.0,396.3,1.0,2.0,0.0,0.0,0,0,Android
rog phone 6 pro,1,1,0,1,0,0,0,asus,1411891.0,6000.0,6.78,8.0,128.0,165.0,64.0,396.3,0.0,1.0,0.0,0.0,0,0,Android
samsung a06 -,0,0,0,0,0,0,0,samsung,419670.0,5000.0,6.675,4.0,64.0,120.0,48.0,396.3,0.0,2.0,0.0,0.0,0,0,Android
samsung a26 -,0,0,0,0,0,0,0,samsung,419670.0,5000.0,6.675,8.0,256.0,120.0,48.0,396.3,0.0,2.0,0.0,0.0,0,0,Android
samsung a36 -,0,0,0,0,0,0,0,samsung,419670.0,5000.0,6.675,8.0,256.0,120.0,48.0,396.3,0.0,2.0,0.0,0.0,0,0,Android
samsung a56 -,0,0,0,0,0,0,1,samsung,419670.0,5000.0,6.675,12.0,256.0,120.0,48.0,396.3,0.0,2.0,0.0,0.0,0,0,Android
samsung galaxy a05s,0,0,0,0,0,0,0,samsung,415362.0,5000.0,6.7,6.0,128.0,90.0,50.0,392.8,0.0,3.0,0.0,0.0,0,0,Android
samsung galaxy a06,0,0,0,0,0,0,0,samsung,349222.0,5000.0,6.7,4.0,64.0,90.0,2.0,261.9,0.0,1.0,0.0,0.0,0,0,Android
samsung galaxy a06s,0,1,0,0,1,0,0,samsung,353817.0,6000.0,6.8,6.0,128.0,90.0,13.0,396.3,0.0,3.0,0.0,0.0,0,0,Android
samsung galaxy a07,0,0,0,0,0,0,0,samsung,547830.0,5000.0,6.7,4.0,128.0,90.0,50.0,261.9,0.0,2.0,0.0,0.0,0,0,Android
samsung galaxy a13,0,0,0,0,0,0,0,samsung,231906.0,5000.0,6.6,6.0,128.0,90.0,50.0,265.8,0.0,4.0,0.0,0.0,0,0,Android
samsung galaxy a14,0,0,0,0,0,0,0,samsung,310388.0,5000.0,6.6,6.0,128.0,60.0,50.0,399.9,0.0,2.0,0.0,0.0,1,0,Android
samsung galaxy a15,0,0,0,0,0,0,0,samsung,513180.0,5000.0,6.5,8.0,256.0,90.0,50.0,396.5,0.0,3.0,0.0,0.0,1,0,Android
samsung galaxy a16,0,0,0,0,0,0,0,samsung,532738.0,5000.0,6.7,4.0,128.0,90.0,50.0,384.7,0.0,3.0,0.0,1.0,1,0,Android
samsung galaxy a17,0,0,0,0,0,0,0,samsung,592392.0,5000.0,6.7,8.0,128.0,90.0,50.0,384.7,0.0,3.0,0.0,0.0,1,0,Android
samsung galaxy a21s,0,0,0,0,0,0,0,samsung,231906.0,5000.0,6.5,6.0,64.0,90.0,48.0,269.9,0.0,4.0,0.0,1.0,0,0,Android
samsung galaxy a23,0,0,0,0,0,0,0,samsung,415362.0,5000.0,6.6,4.0,128.0,90.0,50.0,399.9,0.0,4.0,0.0,0.0,0,0,Android
samsung galaxy a25,0,0,0,0,0,0,0,samsung,605067.0,5000.0,6.5,6.0,128.0,120.0,50.0,396.5,0.0,3.0,0.0,0.0,1,0,Android
samsung galaxy a26,0,0,0,0,0,0,0,samsung,765609.0,5000.0,6.7,8.0,128.0,120.0,50.0,384.7,0.0,3.0,0.0,0.0,1,0,Android
samsung galaxy a34,0,0,0,0,0,0,0,samsung,722902.0,5000.0,6.6,8.0,256.0,120.0,48.0,398.8,0.0,3.0,0.0,1.0,1,0,Android
samsung galaxy a36,0,0,0,0,0,0,0,samsung,833548.0,5000.0,6.7,8.0,128.0,120.0,8.0,384.7,0.0,2.0,0.0,0.0,1,1,Android
samsung galaxy a37,1,0,0,0,0,0,0,samsung,997728.0,5000.0,6.7,8.0,128.0,120.0,50.0,384.7,0.0,3.0,0.0,1.0,1,0,Android
samsung galaxy a52s,0,0,0,0,0,1,0,samsung,780000.0,4500.0,6.5,8.0,128.0,120.0,64.0,404.9,0.0,4.0,0.0,1.0,1,0,Android
samsung galaxy a54,0,0,0,0,0,1,0,samsung,765609.0,5000.0,6.4,8.0,128.0,120.0,50.0,402.7,0.0,3.0,0.0,1.0,1,0,Android
samsung galaxy a56,1,0,0,1,0,0,0,samsung,1243000.0,5000.0,6.7,8.0,128.0,120.0,5.0,384.7,0.0,2.0,0.0,0.0,1,1,Android
samsung galaxy a57,1,0,0,1,0,0,0,samsung,1390055.0,5000.0,6.7,8.0,128.0,120.0,50.0,384.7,0.0,3.0,0.0,1.0,1,0,Android
samsung galaxy a70,0,0,0,0,0,0,0,samsung,412926.0,4500.0,6.7,6.0,128.0,120.0,32.0,384.7,0.0,3.0,0.0,0.0,0,0,Android
samsung galaxy a72,0,0,1,0,0,0,0,samsung,514122.0,5000.0,6.7,8.0,256.0,90.0,64.0,392.8,1.0,4.0,1.0,1.0,1,0,Android
samsung galaxy a74,1,0,0,0,0,0,1,samsung,1005598.0,5000.0,6.7,12.0,256.0,120.0,108.0,394.6,0.0,4.0,0.0,0.0,0,0,Android
samsung galaxy a75,0,1,0,0,0,1,0,samsung,1118041.0,6000.0,6.4,6.0,128.0,90.0,108.0,411.2,0.0,4.0,0.0,0.0,0,0,Android
samsung galaxy buddy2,0,0,0,0,0,0,0,samsung,525163.0,5000.0,6.6,4.0,128.0,120.0,50.0,399.9,0.0,1.0,0.0,0.0,1,0,Android
samsung galaxy c55,0,0,0,0,0,0,0,samsung,829085.0,5000.0,6.7,8.0,128.0,120.0,50.0,394.6,0.0,3.0,1.0,1.0,1,0,Android
samsung galaxy f04s,0,0,0,0,0,0,0,samsung,231906.0,4000.0,6.5,4.0,64.0,90.0,50.0,332.29999999999995,0.0,3.0,0.0,0.0,0,0,Android
samsung galaxy f13,0,0,0,0,0,0,0,samsung,231906.0,4500.0,6.6,4.0,64.0,90.0,50.0,399.9,0.0,3.0,0.0,1.0,0,0,Android
samsung galaxy f34,0,1,0,0,0,0,0,samsung,605067.0,6000.0,6.46,6.0,128.0,120.0,50.0,332.29999999999995,0.0,3.0,0.0,1.0,1,0,Android
samsung galaxy f54,0,1,0,0,0,0,0,samsung,765609.0,6000.0,6.7,8.0,128.0,120.0,108.0,392.8,0.0,3.0,0.0,1.0,1,0,Android
samsung galaxy f55,0,0,0,0,0,0,0,samsung,829085.0,5000.0,6.7,8.0,128.0,120.0,50.0,394.6,0.0,3.0,0.0,1.0,1,0,Android
samsung galaxy m14,0,1,0,0,0,0,0,samsung,592392.0,6000.0,6.6,4.0,128.0,90.0,50.0,399.9,0.0,3.0,0.0,1.0,1,0,Android
samsung galaxy m16,0,1,0,0,0,0,0,samsung,1042710.0,7000.0,6.5,6.0,128.0,90.0,48.0,269.9,0.0,4.0,0.0,0.0,0,0,Android
samsung galaxy m21s,0,1,0,0,0,1,0,samsung,355351.0,6000.0,6.4,6.0,128.0,120.0,64.0,402.7,0.0,3.0,0.0,1.0,0,0,Android
samsung galaxy m23,0,0,0,0,0,0,0,samsung,419670.0,5000.0,6.6,4.0,128.0,120.0,8.0,399.9,0.0,2.0,0.0,0.0,1,0,Android
samsung galaxy m31s,0,1,0,0,0,1,0,samsung,355351.0,6000.0,6.5,6.0,128.0,120.0,64.0,404.9,0.0,4.0,0.0,1.0,1,0,Android
samsung galaxy m42,0,1,0,0,0,1,0,samsung,494401.0,6000.0,6.4,6.0,128.0,120.0,64.0,409.3,0.0,3.0,0.0,0.0,1,0,Android
samsung galaxy m44,1,0,0,0,0,1,0,samsung,1118041.0,5000.0,6.58,6.0,128.0,120.0,50.0,401.1,0.0,3.0,0.0,0.0,0,0,Android
samsung galaxy m51,0,1,0,0,0,0,0,samsung,494401.0,7000.0,6.66,6.0,128.0,120.0,64.0,387.0,0.0,3.0,0.0,1.0,0,0,Android
samsung galaxy m53,0,0,0,0,0,0,0,samsung,671241.0,5000.0,6.7,8.0,128.0,120.0,64.0,394.6,0.0,4.0,0.0,0.0,1,0,Android
samsung galaxy m55,0,0,0,0,0,0,0,samsung,829085.0,5000.0,6.7,8.0,256.0,120.0,50.0,392.8,0.0,3.0,0.0,1.0,1,0,Android
samsung galaxy note 10,0,0,1,0,0,1,0,samsung,798922.0,3500.0,6.3,8.0,256.0,120.0,16.0,400.5,1.0,3.0,1.0,1.0,1,0,Android
samsung galaxy note 10 plus,0,0,1,0,1,1,1,samsung,798922.0,4300.0,6.8,12.0,256.0,120.0,16.0,494.7,1.0,3.0,1.0,1.0,1,0,Android
samsung galaxy note 20,0,0,1,0,0,0,0,samsung,901199.0,4300.0,6.7,8.0,256.0,60.0,64.0,392.8,1.0,3.0,1.0,1.0,0,0,Android
samsung galaxy note 20 ultra,0,0,1,0,1,1,1,samsung,901199.0,4500.0,6.9,12.0,256.0,90.0,108.0,493.8,1.0,3.0,1.0,1.0,1,0,Android
samsung galaxy s 2019,0,0,0,0,0,1,0,samsung,419670.0,3500.0,6.1,8.0,128.0,120.0,48.0,457.3,0.0,3.0,0.0,0.0,0,0,Android
samsung galaxy s20,1,0,1,0,0,1,0,samsung,901199.0,4000.0,6.2,8.0,128.0,120.0,64.0,566.0,1.0,3.0,1.0,1.0,0,0,Android
samsung galaxy s20 fe,1,0,0,0,0,1,0,samsung,964589.0,4500.0,6.5,8.0,256.0,120.0,12.0,404.9,0.0,3.0,1.0,1.0,1,0,Android
samsung galaxy s21 fe,1,0,0,0,0,1,0,samsung,1042710.0,4500.0,6.4,8.0,128.0,120.0,12.0,402.7,0.0,3.0,1.0,1.0,1,0,Android
samsung galaxy s22 -,1,0,0,1,0,1,0,samsung,1294632.0,3700.0,6.1,8.0,128.0,120.0,50.0,422.5,0.0,3.0,1.0,1.0,1,1,Android
samsung galaxy s22 ultra,1,0,0,1,1,1,0,samsung,1294632.0,5000.0,6.8,8.0,128.0,120.0,108.0,501.1,0.0,4.0,0.0,1.0,1,1,Android
samsung galaxy s22 ultra đã kích hoạt online,1,0,0,1,1,1,1,samsung,1294632.0,5000.0,6.8,12.0,256.0,120.0,108.0,501.1,0.0,4.0,0.0,1.0,1,1,Android
samsung galaxy s23 plus,1,0,0,1,0,0,0,samsung,1752044.0,4700.0,6.6,8.0,256.0,120.0,50.0,390.5,0.0,3.0,1.0,1.0,1,1,Android
samsung galaxy s23 ultra,1,0,1,1,1,1,0,samsung,1752044.0,5000.0,6.8,8.0,256.0,120.0,200.0,501.1,1.0,4.0,1.0,1.0,1,1,Android
samsung galaxy s24,1,0,1,1,0,1,0,samsung,2037320.0,4000.0,6.2,8.0,256.0,120.0,50.0,415.7,1.0,3.0,1.0,1.0,1,1,Android
samsung galaxy s24 fe,1,0,0,1,0,0,0,samsung,1971406.0,4700.0,6.7,8.0,128.0,120.0,50.0,392.8,0.0,2.0,0.0,0.0,1,0,Android
samsung galaxy s24 plus,1,0,1,1,0,1,1,samsung,2037320.0,4900.0,6.7,12.0,256.0,120.0,50.0,512.9,1.0,3.0,1.0,1.0,1,1,Android
samsung galaxy s24 ultra,1,0,1,1,1,1,1,samsung,2341391.0,5000.0,6.8,12.0,256.0,120.0,200.0,505.3,1.0,4.0,1.0,1.0,1,1,Android
samsung galaxy s24fe,1,0,0,1,0,0,0,samsung,1971406.0,4700.0,6.7,8.0,256.0,120.0,8.0,384.7,0.0,2.0,1.0,0.0,1,1,Android
samsung galaxy s25,1,0,0,1,0,1,1,samsung,3336910.0,4000.0,6.2,12.0,256.0,120.0,50.0,415.7,0.0,3.0,1.0,1.0,1,1,Android
samsung galaxy s25 edge,0,0,0,0,0,1,1,samsung,419670.0,3900.0,6.7,12.0,256.0,120.0,2.0,512.9,0.0,1.0,0.0,0.0,1,1,Android
samsung galaxy s25 fe,1,0,0,1,0,0,0,samsung,2037320.0,4900.0,6.7,8.0,128.0,120.0,50.0,384.7,0.0,3.0,1.0,1.0,1,1,Android
samsung galaxy s25 plus,1,0,0,1,0,1,1,samsung,3336910.0,4900.0,6.7,12.0,256.0,120.0,50.0,512.9,0.0,3.0,1.0,1.0,1,1,Android
samsung galaxy s25 ultra,1,0,0,1,1,1,1,samsung,3336910.0,5000.0,6.9,12.0,256.0,120.0,200.0,498.0,0.0,4.0,1.0,1.0,1,1,Android
samsung galaxy s26,1,0,0,1,0,1,1,samsung,3145925.0,4300.0,6.3,12.0,256.0,120.0,50.0,409.1,0.0,3.0,1.0,1.0,1,1,Android
samsung galaxy s26 plus,1,0,0,1,0,1,1,samsung,3145925.0,4900.0,6.7,12.0,256.0,120.0,50.0,512.9,0.0,3.0,1.0,1.0,1,0,Android
samsung galaxy s26 ultra,1,0,0,1,1,1,1,samsung,3932243.0,5000.0,6.9,12.0,256.0,120.0,200.0,498.0,0.0,4.0,1.0,1.0,1,1,Android
samsung galaxy xcover6 pro,0,0,0,0,0,0,0,samsung,780000.0,4050.0,6.6,6.0,128.0,120.0,50.0,399.9,0.0,2.0,0.0,1.0,1,0,Android
samsung galaxy z flip,0,0,0,0,0,0,0,samsung,419670.0,5000.0,6.675,8.0,128.0,120.0,48.0,396.3,0.0,2.0,0.0,0.0,0,0,Android
samsung galaxy z flip 5,1,0,0,1,0,0,0,samsung,1752044.0,4200.0,6.7,8.0,512.0,144.0,12.0,394.6,0.0,2.0,0.0,1.0,1,0,Android
samsung galaxy z flip6,1,0,0,1,0,1,1,samsung,2341391.0,4000.0,6.7,12.0,256.0,120.0,2.0,425.7,0.0,1.0,0.0,1.0,1,1,Android
samsung galaxy z flip7,0,0,0,0,1,1,1,samsung,419670.0,4300.0,6.9,12.0,256.0,120.0,50.0,457.6,0.0,2.0,0.0,0.0,1,0,Android
samsung galaxy z fold,0,0,0,0,0,0,0,samsung,419670.0,5000.0,6.675,8.0,128.0,120.0,48.0,396.3,0.0,2.0,0.0,0.0,0,0,Android
samsung galaxy z fold 6,1,0,0,1,1,0,1,samsung,2341391.0,4400.0,7.6,12.0,256.0,120.0,2.0,374.7,0.0,2.0,1.0,1.0,1,1,Android
samsung galaxy z fold4,1,0,0,1,1,0,1,samsung,1411891.0,4400.0,7.6,12.0,256.0,120.0,50.0,372.6,0.0,3.0,1.0,1.0,1,1,Android
samsung galaxy z fold5,1,0,1,1,1,0,1,samsung,1752044.0,4400.0,7.6,12.0,256.0,120.0,50.0,372.6,1.0,3.0,1.0,1.0,1,1,Android
samsung galaxy z fold7,1,0,0,1,1,0,1,samsung,3336910.0,4400.0,8.0,12.0,256.0,120.0,200.0,359.6,0.0,3.0,0.0,0.0,1,0,Android
samsung w22,1,0,0,0,1,0,1,samsung,1118041.0,4400.0,7.6,12.0,256.0,120.0,12.0,372.6,0.0,3.0,0.0,0.0,1,0,Android
sharp aquos r8,1,0,0,1,0,0,0,Other,1752044.0,4570.0,6.6,8.0,256.0,240.0,13.0,390.5,0.0,1.0,0.0,1.0,1,0,Android
sharp rouvo v,0,0,0,0,0,0,0,Other,155362.0,3500.0,6.5,3.0,32.0,60.0,8.0,332.29999999999995,0.0,1.0,0.0,0.0,0,0,Android
sony xperia 1 vii,1,0,0,1,0,0,1,sony,3336910.0,5000.0,6.5,12.0,256.0,120.0,52.0,396.5,0.0,3.0,1.0,1.0,1,0,Android
sony xperia 10 vii,0,0,0,0,0,1,0,sony,833548.0,5000.0,6.1,8.0,128.0,120.0,50.0,422.5,0.0,2.0,0.0,0.0,1,0,Android
sony xperia 1vi,1,0,0,1,0,0,1,sony,2341391.0,5000.0,6.5,12.0,256.0,120.0,52.0,332.29999999999995,0.0,4.0,0.0,0.0,1,0,Android
sony xperia 5 iv,1,0,0,1,0,1,0,sony,1294632.0,5000.0,6.1,8.0,128.0,120.0,12.0,457.3,0.0,3.0,1.0,1.0,1,0,Android
tcl 505,0,0,0,0,0,0,0,Other,353817.0,5010.0,6.75,4.0,128.0,90.0,50.0,259.9,0.0,2.0,0.0,0.0,1,0,Android
tcl 50se,0,0,0,0,0,0,0,Other,353817.0,5010.0,6.78,6.0,256.0,90.0,50.0,396.3,0.0,2.0,0.0,0.0,1,0,Android
tecno camon 19,0,0,0,0,1,0,0,tecno,349222.0,5000.0,6.8,4.0,128.0,90.0,64.0,395.1,0.0,2.0,0.0,1.0,1,0,Android
tecno camon 20 premier,1,0,0,0,0,1,0,tecno,980006.0,5000.0,6.0,8.0,512.0,120.0,108.0,429.5,0.0,2.0,0.0,1.0,1,0,Android
tecno camon 20 pro,1,0,0,0,0,0,0,tecno,1028453.0,5000.0,6.67,8.0,256.0,120.0,64.0,394.6,0.0,3.0,0.0,1.0,1,0,Android
tecno camon 40s,0,0,0,0,0,0,0,tecno,419670.0,5000.0,6.675,8.0,128.0,120.0,48.0,396.3,0.0,2.0,0.0,0.0,0,0,Android
tecno camon slim,0,0,0,0,0,0,0,tecno,419670.0,5000.0,6.675,8.0,128.0,120.0,48.0,396.3,0.0,2.0,0.0,0.0,0,0,Android
tecno phantom v fold,1,0,0,1,0,0,1,tecno,1453683.0,5000.0,6.675,12.0,256.0,120.0,50.0,396.3,0.0,3.0,1.0,1.0,1,0,Android
tecno pop 6 go,0,0,0,0,0,0,0,tecno,419670.0,4000.0,6.0,2.0,32.0,120.0,5.0,178.9,0.0,1.0,0.0,0.0,0,0,Android
tecno pova 4,0,1,0,0,1,1,0,tecno,534895.0,7000.0,6.9,6.0,128.0,90.0,48.0,457.6,0.0,4.0,0.0,0.0,0,0,Android
tecno pova 7 neo,0,0,0,0,0,0,0,tecno,419670.0,5000.0,6.675,8.0,128.0,120.0,48.0,396.3,0.0,2.0,0.0,0.0,0,0,Android
tecno pova 8,0,0,0,0,0,0,0,tecno,419670.0,5000.0,6.675,4.0,128.0,120.0,48.0,396.3,0.0,2.0,0.0,0.0,0,0,Android
tecno pova curve 2,0,1,0,0,0,0,0,tecno,768176.0,8000.0,6.78,8.0,128.0,144.0,50.0,396.3,0.0,2.0,0.0,0.0,1,0,Android
tecno pova neo 2,0,1,0,0,1,0,0,tecno,349222.0,7000.0,6.82,4.0,64.0,90.0,16.0,262.6,0.0,1.0,0.0,1.0,1,0,Android
tecno spark 10c,0,0,0,1,0,0,1,tecno,1798756.0,5000.0,6.6,16.0,128.0,90.0,16.0,267.5,0.0,1.0,0.0,0.0,0,0,Android
tecno spark 30,0,0,0,0,0,0,0,tecno,419670.0,5000.0,6.675,8.0,128.0,120.0,48.0,396.3,0.0,2.0,0.0,0.0,0,0,Android
tecno spark 30 -,0,0,0,0,0,0,0,tecno,419670.0,5000.0,6.675,6.0,128.0,120.0,48.0,396.3,0.0,2.0,0.0,0.0,0,0,Android
tecno spark 30 pro transformer,0,0,0,0,0,0,0,tecno,570469.0,5000.0,6.78,8.0,256.0,120.0,108.0,396.3,0.0,1.0,0.0,0.0,1,0,Android
tecno spark 30c,0,0,0,0,0,0,0,tecno,357879.0,5000.0,6.67,4.0,128.0,120.0,48.0,263.0,0.0,1.0,0.0,0.0,1,0,Android
tecno spark 40,0,0,0,0,0,0,0,tecno,354158.0,5200.0,6.67,6.0,128.0,120.0,50.0,263.0,0.0,1.0,0.0,0.0,1,0,Android
tecno spark 40 pro,0,0,0,0,0,0,0,tecno,601391.0,5200.0,6.78,8.0,256.0,144.0,50.0,396.3,0.0,1.0,0.0,0.0,0,0,Android
tecno spark 50,0,1,0,0,0,0,0,tecno,357879.0,6700.0,6.78,4.0,128.0,120.0,50.0,396.3,0.0,1.0,0.0,0.0,0,0,Android
tecno spark 50 pro,0,0,0,0,0,0,0,tecno,419670.0,5000.0,6.675,4.0,128.0,120.0,48.0,396.3,0.0,2.0,0.0,0.0,0,0,Android
vivo iqoo 10,1,0,0,1,0,0,0,vivo,1411891.0,4700.0,6.78,8.0,128.0,120.0,50.0,388.2,0.0,3.0,1.0,1.0,1,0,Android
vivo iqoo 10 pro,1,0,0,1,0,1,0,vivo,1411891.0,4700.0,6.78,8.0,256.0,120.0,50.0,517.6,0.0,3.0,1.0,1.0,1,0,Android
vivo iqoo 11s,1,0,1,1,0,1,0,vivo,2415558.0,4700.0,6.78,8.0,256.0,144.0,50.0,517.6,1.0,3.0,1.0,1.0,1,0,Android
vivo iqoo 9 pro,1,0,1,1,0,1,0,vivo,1294632.0,4700.0,6.78,8.0,256.0,120.0,50.0,517.6,1.0,3.0,1.0,1.0,1,0,Android
vivo iqoo 9t,1,0,0,1,0,0,0,vivo,1411891.0,4700.0,6.78,8.0,128.0,120.0,50.0,388.2,0.0,3.0,1.0,1.0,1,0,Android
vivo iqoo neo 8,1,0,0,1,0,0,1,vivo,1411891.0,5000.0,6.78,12.0,256.0,144.0,50.0,396.3,0.0,2.0,0.0,1.0,1,0,Android
vivo iqoo neo 8 pro,1,0,1,1,0,1,0,vivo,1208784.0,4500.0,6.78,8.0,256.0,120.0,50.0,517.6,1.0,3.0,1.0,1.0,1,0,Android
vivo iqoo z6,0,0,0,0,0,1,0,vivo,592489.0,5000.0,6.58,4.0,128.0,120.0,50.0,401.1,0.0,3.0,0.0,1.0,0,0,Android
vivo iqoo z7,0,0,0,0,0,1,0,vivo,750481.0,4500.0,6.38,6.0,128.0,90.0,64.0,412.5,0.0,2.0,0.0,1.0,0,0,Android
vivo iqoo z7x,0,1,0,0,0,0,0,vivo,592489.0,6000.0,6.64,8.0,128.0,120.0,50.0,394.7,0.0,2.0,0.0,1.0,1,0,Android
vivo iqoo z9,1,1,0,0,0,0,0,vivo,1020938.0,6000.0,6.78,8.0,128.0,144.0,50.0,396.3,0.0,2.0,0.0,0.0,0,0,Android
vivo iqoo z9 turbo,1,1,0,1,0,0,1,vivo,1795718.0,6000.0,6.72,12.0,256.0,144.0,8.0,394.6,1.0,1.0,0.0,1.0,1,0,Android
vivo iqoo z9x,0,1,0,0,0,0,0,vivo,733620.0,6000.0,6.72,8.0,128.0,120.0,50.0,394.6,0.0,2.0,0.0,0.0,0,0,Android
vivo nex 3,0,0,0,0,1,0,0,vivo,859084.0,4500.0,6.89,8.0,256.0,120.0,64.0,363.0,0.0,3.0,1.0,1.0,1,0,Android
vivo s15 pro,1,0,0,0,0,0,0,vivo,1085324.0,4500.0,6.56,8.0,256.0,120.0,50.0,397.9,0.0,3.0,0.0,1.0,1,0,Android
vivo s17,0,0,0,0,0,0,0,vivo,800145.0,4600.0,6.78,8.0,256.0,120.0,50.0,396.3,0.0,2.0,0.0,1.0,1,0,Android
vivo s17e,1,0,0,0,0,0,0,vivo,971424.0,4600.0,6.78,8.0,128.0,120.0,64.0,388.2,0.0,2.0,0.0,1.0,1,0,Android
vivo s17t,1,0,0,0,0,0,1,vivo,1028453.0,4600.0,6.78,12.0,512.0,120.0,50.0,396.3,0.0,2.0,0.0,1.0,1,0,Android
vivo s19,1,1,0,0,0,0,0,vivo,1020938.0,6000.0,6.78,8.0,256.0,120.0,50.0,396.3,0.0,2.0,0.0,1.0,1,0,Android
vivo s19 pro,1,0,1,1,0,0,0,vivo,1798756.0,5000.0,6.78,8.0,256.0,120.0,50.0,396.3,1.0,3.0,1.0,0.0,1,0,Android
vivo t2x,1,1,0,0,0,1,0,vivo,954090.0,6000.0,6.58,6.0,128.0,144.0,50.0,401.1,0.0,2.0,0.0,1.0,1,0,Android
vivo t3x,0,1,0,0,0,0,0,vivo,733620.0,6000.0,6.72,8.0,256.0,120.0,50.0,394.6,0.0,2.0,0.0,0.0,0,0,Android
vivo v25,0,0,0,0,0,1,0,vivo,671241.0,4500.0,6.44,8.0,128.0,90.0,64.0,409.2,0.0,3.0,0.0,1.0,1,0,Android
vivo v27,0,0,0,0,0,0,0,vivo,419670.0,4600.0,6.78,8.0,128.0,120.0,64.0,388.2,0.0,3.0,0.0,1.0,1,0,Android
vivo v29,0,0,0,0,0,0,1,vivo,800145.0,5000.0,6.7,12.0,256.0,120.0,64.0,394.6,0.0,1.0,0.0,0.0,1,0,Android
vivo v29 lite,0,0,0,0,0,0,0,vivo,592489.0,5000.0,6.78,8.0,128.0,120.0,64.0,388.2,0.0,3.0,0.0,1.0,1,0,Android
vivo v30 pro,1,0,1,1,0,1,1,vivo,1206715.0,5000.0,6.78,12.0,512.0,120.0,50.0,452.9,1.0,3.0,0.0,1.0,1,0,Android
vivo v30e se,0,0,0,0,0,0,0,vivo,419670.0,5000.0,6.675,8.0,128.0,120.0,48.0,396.3,0.0,2.0,0.0,0.0,1,0,Android
vivo v40 lite,0,0,0,0,0,0,0,vivo,461236.0,5000.0,6.67,8.0,256.0,120.0,50.0,394.6,0.0,2.0,0.0,0.0,1,0,Android
vivo v7,0,0,0,0,0,0,0,vivo,176718.0,3000.0,5.7,4.0,32.0,120.0,16.0,282.5,0.0,1.0,0.0,0.0,0,0,Android
vivo x fold,1,0,0,1,1,0,1,vivo,1294632.0,4600.0,8.03,12.0,256.0,120.0,50.0,359.6,0.0,4.0,1.0,1.0,1,0,Android
vivo x fold 3,1,0,0,1,0,0,1,vivo,2341391.0,4900.0,6.675,16.0,256.0,120.0,50.0,396.3,0.0,3.0,0.0,0.0,1,0,Android
vivo x fold plus,1,0,0,1,1,0,1,vivo,1411891.0,4730.0,8.3,12.0,256.0,120.0,50.0,396.3,0.0,4.0,1.0,1.0,0,0,Android
vivo x fold2,1,0,1,1,1,0,1,vivo,1752044.0,4800.0,8.03,12.0,256.0,120.0,50.0,359.6,1.0,3.0,1.0,1.0,1,0,Android
vivo x note,1,0,1,1,1,1,0,vivo,1294632.0,5000.0,7.0,8.0,256.0,120.0,50.0,485.7,1.0,4.0,1.0,1.0,1,0,Android
vivo x100,1,0,0,1,0,0,1,vivo,1411891.0,5000.0,6.7,12.0,256.0,144.0,50.0,394.6,0.0,3.0,0.0,0.0,1,0,Android
vivo x100 pro,1,0,1,1,0,0,1,vivo,2415558.0,5400.0,6.78,12.0,256.0,120.0,50.0,396.3,1.0,3.0,1.0,1.0,1,0,Android
vivo x100s,1,0,0,1,0,1,1,vivo,2347116.0,5100.0,6.78,16.0,1024.0,120.0,64.0,452.9,0.0,3.0,0.0,0.0,1,0,Android
vivo x200 ultra,1,1,0,1,1,1,1,vivo,3336910.0,6000.0,6.82,12.0,256.0,120.0,200.0,510.3,0.0,3.0,1.0,1.0,0,0,Android
vivo x60 pro,1,0,0,0,0,0,0,vivo,1118041.0,4200.0,6.56,8.0,128.0,120.0,50.0,296.8,0.0,4.0,0.0,0.0,1,0,Android
vivo x70t pro,1,0,0,0,0,1,0,vivo,980006.0,5000.0,6.44,8.0,128.0,120.0,64.0,408.7,0.0,2.0,0.0,0.0,0,0,Android
vivo x80 pro plus,1,0,0,1,0,1,0,vivo,1294632.0,4700.0,6.78,8.0,256.0,120.0,50.0,517.6,0.0,4.0,1.0,1.0,1,0,Android
vivo x90,1,0,0,1,0,0,0,vivo,1755232.0,4810.0,6.78,8.0,128.0,120.0,50.0,396.3,0.0,3.0,1.0,1.0,1,0,Android
vivo x90 pro,1,0,0,1,0,0,0,vivo,1755232.0,4870.0,6.78,8.0,256.0,120.0,50.0,396.3,0.0,3.0,1.0,1.0,1,0,Android
vivo x90 pro plus,1,0,1,1,0,1,1,vivo,1752044.0,4700.0,6.78,12.0,256.0,120.0,64.0,517.6,1.0,3.0,1.0,1.0,1,0,Android
vivo y02s 3g,0,0,0,0,0,0,0,vivo,199111.0,5000.0,6.51,3.0,32.0,60.0,8.0,269.5,0.0,1.0,0.0,0.0,0,0,Android
vivo y100a,0,0,0,0,0,1,0,vivo,750481.0,4500.0,6.38,8.0,256.0,120.0,64.0,409.3,0.0,3.0,0.0,0.0,0,0,Android
vivo y100i,0,0,0,0,0,0,1,vivo,527185.0,5000.0,6.64,12.0,512.0,90.0,50.0,394.7,0.0,2.0,0.0,1.0,0,0,Android
vivo y11,0,0,0,0,0,0,0,vivo,419670.0,5000.0,6.51,6.0,64.0,60.0,8.0,269.5,0.0,1.0,0.0,0.0,0,0,Android
vivo y16,0,0,0,0,0,0,0,vivo,199111.0,5000.0,6.51,4.0,128.0,60.0,13.0,269.5,0.0,2.0,0.0,0.0,0,0,Android
vivo y18e,0,0,0,0,0,0,0,vivo,349222.0,5000.0,6.56,4.0,64.0,90.0,13.0,269.1,0.0,1.0,0.0,0.0,0,0,Android
vivo y18s,0,0,0,0,0,0,0,vivo,419670.0,5000.0,6.675,8.0,256.0,120.0,48.0,396.3,0.0,2.0,0.0,0.0,0,0,Android
vivo y200 gt,1,1,0,0,0,0,0,vivo,1020938.0,6000.0,6.78,8.0,128.0,144.0,50.0,396.3,0.0,2.0,0.0,0.0,1,0,Android
vivo y200 pro,0,0,0,0,0,0,0,vivo,592489.0,5000.0,6.78,8.0,128.0,120.0,64.0,396.3,0.0,2.0,0.0,0.0,0,0,Android
vivo y200i,0,1,0,0,0,0,1,vivo,572954.0,6000.0,6.72,12.0,512.0,120.0,50.0,394.6,0.0,2.0,0.0,0.0,0,0,Android
vivo y21e,0,0,0,0,0,0,0,vivo,415362.0,5000.0,6.51,3.0,64.0,90.0,13.0,269.5,0.0,2.0,0.0,0.0,0,0,Android
vivo y21t,0,0,0,0,0,0,0,vivo,419670.0,5000.0,5.5,6.0,128.0,120.0,50.0,353.05,0.0,3.0,0.0,0.0,0,0,Android
vivo y22,0,0,0,0,0,0,0,vivo,419670.0,5000.0,6.44,4.0,64.0,120.0,48.0,272.4,0.0,2.0,0.0,0.0,0,0,Android
vivo y22t,0,0,0,0,0,0,0,vivo,349222.0,5000.0,6.55,4.0,64.0,90.0,50.0,399.9,0.0,2.0,0.0,0.0,0,0,Android
vivo y27s,0,0,0,0,0,0,0,vivo,419670.0,5000.0,6.64,8.0,256.0,90.0,50.0,394.7,0.0,2.0,0.0,0.0,0,0,Android
vivo y28,0,1,0,0,0,0,0,vivo,349222.0,6000.0,6.68,8.0,256.0,90.0,50.0,263.7,0.0,2.0,0.0,0.0,0,0,Android
vivo y32t,0,0,0,0,0,0,0,vivo,317084.0,5000.0,6.51,8.0,128.0,120.0,13.0,332.29999999999995,0.0,2.0,0.0,0.0,0,0,Android
vivo y35 plus,0,0,0,0,0,0,1,vivo,419670.0,4900.0,6.64,16.0,512.0,120.0,50.0,399.9,0.0,1.0,0.0,0.0,0,0,Android
vivo y35m plus,0,0,0,0,0,0,0,vivo,515647.0,5000.0,6.51,4.0,128.0,60.0,13.0,332.29999999999995,0.0,2.0,0.0,0.0,0,0,Android
vivo y36,0,0,0,0,0,0,0,vivo,415362.0,5000.0,6.64,8.0,256.0,90.0,50.0,394.7,0.0,2.0,0.0,0.0,0,0,Android
vivo y36t,0,0,0,0,0,0,0,vivo,349222.0,5000.0,6.56,6.0,128.0,60.0,13.0,269.1,0.0,1.0,0.0,0.0,1,0,Android
vivo y38,0,1,0,0,0,0,0,vivo,572954.0,6000.0,6.72,8.0,256.0,120.0,50.0,396.3,0.0,2.0,0.0,0.0,1,0,Android
vivo y52,0,0,0,0,0,1,0,vivo,515647.0,5000.0,6.58,4.0,128.0,90.0,48.0,401.1,0.0,3.0,0.0,0.0,1,0,Android
vivo y56,0,0,0,0,0,1,0,vivo,515647.0,5000.0,6.58,8.0,128.0,90.0,50.0,401.1,0.0,2.0,0.0,1.0,0,0,Android
vivo y66,0,0,0,0,0,0,0,vivo,419670.0,3000.0,5.5,3.0,32.0,120.0,13.0,267.0,0.0,1.0,0.0,0.0,0,0,Android
vivo y71,0,0,0,0,0,0,0,vivo,180934.0,3360.0,6.22,3.0,16.0,120.0,13.0,258.8,0.0,1.0,0.0,0.0,0,0,Android
vivo y77e,0,0,0,0,0,1,0,vivo,569913.0,5000.0,6.58,6.0,128.0,90.0,13.0,401.1,0.0,2.0,0.0,1.0,0,0,Android
vivo y78,0,0,0,0,0,0,0,vivo,639509.0,5000.0,6.67,8.0,128.0,120.0,50.0,392.9,0.0,2.0,0.0,1.0,1,0,Android
vivo y95,0,0,0,0,0,0,0,vivo,193115.0,4030.0,6.22,4.0,64.0,120.0,13.0,270.4,0.0,2.0,0.0,0.0,0,0,Android
vivo y01,0,0,0,0,0,0,0,vivo,419670.0,5000.0,6.51,2.0,32.0,120.0,8.0,269.5,0.0,1.0,0.0,0.0,0,0,Android
vsmart joy 2 plus,0,0,0,0,0,1,0,Other,419670.0,4500.0,6.2,2.0,32.0,120.0,13.0,415.7,0.0,2.0,0.0,0.0,0,0,Android
vsmart joy 3,0,0,0,0,0,0,0,Other,243691.0,5000.0,6.5,2.0,32.0,120.0,13.0,269.9,0.0,3.0,0.0,0.0,0,0,Android
xiaomi 11i hypercharge,0,0,0,0,0,0,0,xiaomi,750481.0,4500.0,6.66,6.0,128.0,120.0,108.0,395.2,0.0,3.0,1.0,1.0,0,0,Android
xiaomi 12 lite,0,0,0,0,0,1,0,xiaomi,780000.0,4300.0,6.55,6.0,128.0,120.0,108.0,401.8,0.0,3.0,0.0,1.0,1,0,Android
xiaomi 12i hypercharge,0,0,0,0,0,0,0,xiaomi,722902.0,5000.0,6.66,8.0,128.0,120.0,200.0,394.6,0.0,3.0,0.0,1.0,0,0,Android
xiaomi 12s ultra,1,0,1,1,0,1,0,xiaomi,1411891.0,4860.0,6.73,8.0,256.0,120.0,48.0,521.4,1.0,3.0,1.0,1.0,1,0,Android
xiaomi 12x,1,0,0,0,0,1,0,xiaomi,1005598.0,4500.0,6.28,8.0,128.0,120.0,50.0,419.1,0.0,3.0,1.0,1.0,1,0,Android
xiaomi 13 lite,0,0,0,0,0,1,0,xiaomi,829085.0,4500.0,6.55,8.0,256.0,120.0,50.0,401.8,0.0,3.0,0.0,1.0,1,0,Android
xiaomi 13 pro -,1,0,0,1,0,1,1,xiaomi,1752044.0,4820.0,6.73,12.0,256.0,120.0,50.0,521.4,0.0,3.0,1.0,1.0,1,0,Android
xiaomi 13 ultra,1,0,1,1,0,0,1,xiaomi,1752044.0,5000.0,6.73,12.0,256.0,120.0,50.0,391.1,1.0,4.0,1.0,1.0,1,0,Android
xiaomi 13t pro,1,0,0,1,0,1,1,xiaomi,1798756.0,5000.0,6.67,12.0,512.0,144.0,50.0,445.8,0.0,3.0,1.0,1.0,1,1,Android
xiaomi 14,1,0,1,1,0,1,0,xiaomi,2341391.0,4610.0,6.36,8.0,128.0,120.0,50.0,409.3,1.0,3.0,1.0,1.0,1,1,Android
xiaomi 14 lite,1,0,0,0,0,0,0,xiaomi,1118041.0,4600.0,6.66,8.0,128.0,144.0,64.0,394.6,0.0,4.0,0.0,0.0,0,0,Android
xiaomi 14 pro,1,0,0,1,1,0,0,xiaomi,1411891.0,5000.0,6.8,8.0,128.0,120.0,64.0,396.3,0.0,3.0,0.0,0.0,1,0,Android
xiaomi 14 ultra,1,0,0,1,0,1,0,xiaomi,2341391.0,5300.0,6.73,8.0,256.0,120.0,50.0,521.4,0.0,4.0,1.0,1.0,1,0,Android
xiaomi 14t,0,0,0,0,0,0,1,xiaomi,419670.0,5000.0,6.675,12.0,256.0,144.0,48.0,396.3,0.0,2.0,0.0,0.0,0,0,Android
xiaomi 14t pro,1,0,0,1,0,1,1,xiaomi,2347116.0,5000.0,6.67,12.0,512.0,144.0,50.0,445.8,0.0,3.0,1.0,1.0,1,0,Android
xiaomi 15,1,0,1,1,0,1,1,xiaomi,3336910.0,5240.0,6.36,12.0,256.0,120.0,50.0,460.3,1.0,3.0,1.0,1.0,1,0,Android
xiaomi 15 pro,1,1,0,0,0,0,0,xiaomi,1038717.0,6100.0,6.73,8.0,256.0,120.0,50.0,394.6,0.0,3.0,0.0,1.0,0,0,Android
xiaomi 15 ultra,1,0,0,1,0,1,1,xiaomi,3336910.0,5410.0,6.73,16.0,512.0,120.0,200.0,521.4,0.0,4.0,1.0,1.0,1,0,Android
xiaomi 15t,0,1,0,0,0,0,1,xiaomi,419670.0,5500.0,6.675,12.0,256.0,120.0,48.0,396.3,0.0,2.0,0.0,0.0,0,0,Android
xiaomi 15t pro,1,1,1,1,1,0,1,xiaomi,2874956.0,5500.0,6.83,12.0,256.0,144.0,50.0,396.3,1.0,3.0,1.0,1.0,0,0,Android
xiaomi 17,0,1,0,0,0,0,0,xiaomi,419670.0,6330.0,6.675,8.0,128.0,120.0,48.0,396.3,0.0,2.0,0.0,0.0,0,0,Android
xiaomi 17 pro,0,1,0,0,0,0,0,xiaomi,419670.0,6300.0,6.675,8.0,128.0,120.0,48.0,396.3,0.0,2.0,0.0,0.0,0,0,Android
xiaomi 17 pro max,0,1,0,0,0,0,0,xiaomi,419670.0,7500.0,6.675,8.0,128.0,120.0,48.0,396.3,0.0,2.0,0.0,0.0,0,0,Android
xiaomi 17 ultra,1,1,0,1,1,1,1,xiaomi,3932243.0,6000.0,6.9,16.0,512.0,120.0,200.0,457.6,0.0,2.0,0.0,1.0,1,0,Android
xiaomi 17t pro,1,1,0,1,1,0,1,xiaomi,3508681.0,7000.0,6.83,12.0,512.0,120.0,50.0,396.3,0.0,3.0,1.0,1.0,0,0,Android
xiaomi black shark 5,1,0,0,0,0,0,0,xiaomi,1005598.0,4650.0,6.66,8.0,128.0,144.0,64.0,395.2,0.0,3.0,0.0,1.0,1,0,Android
xiaomi civi,0,0,0,0,0,0,0,xiaomi,780000.0,4500.0,6.55,4.0,128.0,120.0,50.0,396.3,0.0,3.0,0.0,1.0,0,0,Android
xiaomi civi 1s,0,0,0,0,0,1,0,xiaomi,800145.0,4500.0,6.55,8.0,128.0,120.0,64.0,401.8,0.0,3.0,0.0,1.0,1,0,Android
xiaomi civi 2,0,0,0,0,0,0,0,xiaomi,800145.0,4500.0,6.55,8.0,128.0,120.0,64.0,396.3,0.0,3.0,0.0,0.0,0,0,Android
xiaomi civi 3,1,0,0,1,0,1,1,xiaomi,1206715.0,4500.0,6.55,12.0,256.0,120.0,50.0,401.8,0.0,3.0,0.0,1.0,1,0,Android
xiaomi mi 10 ultra,1,0,1,0,0,0,1,xiaomi,964589.0,4500.0,6.66,12.0,256.0,120.0,48.0,387.0,1.0,3.0,1.0,1.0,1,0,Android
xiaomi mi 10t,1,0,0,0,0,0,0,xiaomi,964589.0,5000.0,6.66,6.0,128.0,144.0,64.0,395.2,0.0,3.0,0.0,1.0,1,0,Android
xiaomi mi 11x,1,0,0,0,0,0,0,xiaomi,1005598.0,4520.0,6.66,6.0,128.0,120.0,48.0,395.2,0.0,3.0,0.0,1.0,0,0,Android
xiaomi mi mix fold,1,0,0,0,1,0,1,xiaomi,1118041.0,5020.0,8.0,16.0,512.0,120.0,108.0,359.6,0.0,3.0,0.0,0.0,1,0,Android
xiaomi mix alpha,0,0,0,0,1,0,1,xiaomi,859084.0,4050.0,7.9,12.0,512.0,120.0,108.0,381.8,0.0,3.0,0.0,0.0,1,0,Android
xiaomi poco c50,0,0,0,0,0,0,0,xiaomi,415362.0,5000.0,6.7,4.0,64.0,90.0,50.0,394.6,0.0,2.0,0.0,0.0,0,0,Android
xiaomi poco c51,0,0,0,0,0,0,0,xiaomi,195539.0,5000.0,6.52,3.0,32.0,90.0,8.0,269.1,0.0,1.0,0.0,0.0,0,0,Android
xiaomi poco c55,0,0,0,0,0,0,0,xiaomi,349222.0,5000.0,6.71,4.0,64.0,60.0,50.0,268.3,0.0,1.0,0.0,0.0,0,0,Android
xiaomi poco f4 gt,1,0,0,1,0,0,0,xiaomi,1294632.0,4700.0,6.66,8.0,128.0,120.0,64.0,395.2,0.0,3.0,0.0,1.0,1,0,Android
xiaomi poco f5 pro,1,0,0,0,0,0,0,xiaomi,1005598.0,4520.0,6.66,6.0,64.0,120.0,48.0,395.2,0.0,3.0,0.0,1.0,1,0,Android
xiaomi poco f7,0,1,0,0,0,0,0,xiaomi,419670.0,6500.0,6.675,8.0,128.0,120.0,48.0,396.3,0.0,2.0,0.0,0.0,0,0,Android
xiaomi poco f8 pro,1,1,1,1,0,1,1,xiaomi,3336910.0,6210.0,6.59,12.0,256.0,120.0,50.0,419.3,1.0,3.0,1.0,1.0,1,1,Android
xiaomi poco f8 ultra,1,1,0,1,1,1,1,xiaomi,3932243.0,6500.0,6.9,12.0,256.0,120.0,50.0,457.6,0.0,3.0,1.0,1.0,1,1,Android
xiaomi poco m7,0,0,0,0,0,0,0,xiaomi,419670.0,5160.0,6.79,6.0,128.0,120.0,48.0,396.3,0.0,2.0,0.0,0.0,1,0,Android
xiaomi poco x4 pro,0,0,0,0,0,0,0,xiaomi,592489.0,5000.0,6.67,6.0,128.0,120.0,108.0,394.6,0.0,3.0,0.0,0.0,1,0,Android
xiaomi redmi 10 prime,0,0,0,0,0,0,0,xiaomi,353817.0,5000.0,6.5,6.0,128.0,90.0,50.0,332.29999999999995,0.0,3.0,0.0,0.0,0,0,Android
xiaomi redmi 10c,0,0,0,0,0,0,0,xiaomi,415362.0,5000.0,6.71,4.0,128.0,60.0,50.0,268.3,0.0,2.0,0.0,0.0,1,0,Android
xiaomi redmi 11 prime,0,0,0,0,0,1,0,xiaomi,515647.0,5000.0,6.58,4.0,64.0,90.0,50.0,401.1,0.0,2.0,0.0,0.0,0,0,Android
xiaomi redmi 11 pro,0,0,0,0,0,0,0,xiaomi,515647.0,5000.0,6.58,6.0,128.0,90.0,50.0,396.3,0.0,2.0,0.0,0.0,0,0,Android
xiaomi redmi 13c,0,0,0,0,0,0,0,xiaomi,349222.0,5000.0,6.74,6.0,128.0,90.0,50.0,260.3,0.0,2.0,0.0,0.0,0,0,Android
xiaomi redmi 14,0,1,0,0,1,1,0,xiaomi,419670.0,5500.0,6.88,4.0,128.0,120.0,48.0,457.6,0.0,2.0,0.0,0.0,0,0,Android
xiaomi redmi 15,0,1,0,0,1,0,0,xiaomi,623235.0,7000.0,6.9,8.0,256.0,144.0,50.0,373.5,0.0,1.0,0.0,0.0,1,0,Android
xiaomi redmi 9 activ,0,0,0,0,0,0,0,xiaomi,200794.0,5000.0,6.53,4.0,64.0,120.0,22.0,268.7,0.0,2.0,0.0,0.0,0,0,Android
xiaomi redmi a2,0,0,0,0,0,0,0,xiaomi,155362.0,5000.0,6.52,3.0,32.0,60.0,8.0,332.29999999999995,0.0,1.0,0.0,0.0,0,0,Android
xiaomi redmi a4,0,0,0,0,0,0,0,xiaomi,419670.0,5000.0,6.71,4.0,128.0,120.0,48.0,268.3,0.0,2.0,0.0,0.0,0,0,Android
xiaomi redmi k50 ultra,1,0,0,1,0,0,0,xiaomi,1411891.0,5000.0,6.66,8.0,128.0,120.0,50.0,395.2,0.0,3.0,0.0,1.0,1,0,Android
xiaomi redmi k70 pro,1,0,0,1,0,0,0,xiaomi,2341391.0,5120.0,6.73,8.0,128.0,120.0,50.0,396.3,0.0,3.0,1.0,1.0,1,0,Android
xiaomi redmi k70e,1,1,0,1,0,1,0,xiaomi,1609292.0,5500.0,6.67,8.0,128.0,120.0,50.0,526.1,0.0,3.0,0.0,1.0,1,0,Android
xiaomi redmi note 10 je,0,0,0,0,0,1,0,xiaomi,456551.0,4800.0,6.5,4.0,64.0,120.0,48.0,404.9,0.0,3.0,0.0,0.0,0,0,Android
xiaomi redmi note 10 pro,0,0,0,0,0,0,0,xiaomi,517306.0,5020.0,6.66,8.0,128.0,120.0,108.0,395.2,0.0,4.0,0.0,1.0,0,0,Android
xiaomi redmi note 11 pro,0,0,0,0,0,0,0,xiaomi,493222.0,5000.0,6.67,8.0,128.0,120.0,108.0,394.6,0.0,4.0,1.0,1.0,1,0,Android
xiaomi redmi note 11 pro plus,0,0,0,0,0,0,0,xiaomi,750481.0,4500.0,6.67,8.0,256.0,120.0,108.0,394.6,0.0,3.0,0.0,1.0,1,0,Android
xiaomi redmi note 11se,0,0,0,0,0,1,0,xiaomi,534895.0,5000.0,6.43,6.0,64.0,90.0,64.0,409.3,0.0,4.0,0.0,1.0,0,0,Android
xiaomi redmi note 12,0,0,0,0,0,0,0,xiaomi,461236.0,5000.0,6.67,4.0,128.0,120.0,50.0,394.6,0.0,3.0,0.0,1.0,0,0,Android
xiaomi redmi note 12 pro,0,0,0,0,0,0,0,xiaomi,722902.0,5000.0,6.67,8.0,256.0,120.0,50.0,394.6,0.0,3.0,0.0,1.0,1,0,Android
xiaomi redmi note 12 turbo,1,0,0,1,0,0,0,xiaomi,1285461.0,5000.0,6.67,8.0,256.0,120.0,64.0,394.6,0.0,3.0,0.0,1.0,1,0,Android
xiaomi redmi note 12r pro,0,0,0,0,0,0,1,xiaomi,521686.0,5000.0,6.67,12.0,256.0,120.0,48.0,394.6,0.0,2.0,0.0,1.0,0,0,Android
xiaomi redmi note 12s,0,0,0,0,0,1,0,xiaomi,493222.0,5000.0,6.43,8.0,256.0,90.0,108.0,409.3,0.0,3.0,0.0,1.0,0,0,Android
xiaomi redmi note 13,0,0,0,0,0,0,0,xiaomi,461236.0,5000.0,6.67,6.0,128.0,120.0,108.0,394.6,0.0,3.0,0.0,0.0,0,0,Android
xiaomi redmi note 13 pro,0,0,0,0,0,1,0,xiaomi,794701.0,5100.0,6.67,8.0,256.0,120.0,200.0,445.8,0.0,3.0,0.0,0.0,1,1,Android
xiaomi redmi note 13 pro plus,1,0,0,0,0,1,0,xiaomi,960142.0,5000.0,6.67,8.0,256.0,120.0,200.0,445.8,0.0,3.0,0.0,0.0,1,0,Android
xiaomi redmi note 13 turbo,0,0,0,0,0,0,1,xiaomi,708890.0,5255.0,6.675,12.0,512.0,120.0,64.0,396.3,0.0,3.0,0.0,0.0,0,0,Android
xiaomi redmi note 13r pro,0,0,0,0,0,0,1,xiaomi,581315.0,5000.0,6.67,12.0,256.0,120.0,108.0,394.6,0.0,2.0,0.0,1.0,0,0,Android
xiaomi redmi note 13s,1,0,0,0,0,0,0,xiaomi,980006.0,5000.0,6.6,6.0,128.0,120.0,50.0,399.9,0.0,2.0,0.0,0.0,0,0,Android
xiaomi redmi note 14,0,0,0,0,0,0,0,xiaomi,419670.0,5110.0,6.675,8.0,128.0,120.0,48.0,396.3,0.0,2.0,0.0,0.0,0,0,Android
xiaomi redmi note 14 pro,0,0,0,0,0,0,0,xiaomi,419670.0,5110.0,6.675,8.0,128.0,120.0,48.0,396.3,0.0,2.0,0.0,0.0,0,0,Android
xiaomi redmi note 14 pro plus,1,0,1,0,0,1,0,xiaomi,1038717.0,5110.0,6.67,8.0,256.0,120.0,200.0,445.8,1.0,3.0,0.0,1.0,1,0,Android
xiaomi redmi note 15,0,1,1,0,0,0,0,xiaomi,833548.0,5520.0,6.77,6.0,128.0,120.0,108.0,387.7,1.0,2.0,0.0,1.0,0,0,Android
xiaomi redmi note 9 pro,0,0,0,0,0,0,0,xiaomi,514122.0,5020.0,6.66,6.0,64.0,90.0,64.0,395.2,0.0,4.0,0.0,1.0,1,0,Android
xiaomi redmi turbo 4,0,1,0,0,0,0,0,xiaomi,419670.0,6550.0,6.675,8.0,128.0,120.0,48.0,396.3,0.0,2.0,0.0,0.0,0,0,Android
xiaomii 14 lite,1,0,0,0,0,0,1,xiaomi,1118041.0,4600.0,6.67,12.0,512.0,144.0,64.0,394.6,0.0,4.0,0.0,0.0,1,0,Android
xperia 10 v,0,0,0,0,0,1,0,sony,592489.0,5000.0,6.1,8.0,128.0,60.0,48.0,449.5,0.0,2.0,0.0,1.0,1,0,Android
xperia 5 v,1,0,0,1,0,1,0,sony,1752044.0,5000.0,6.1,8.0,256.0,120.0,48.0,449.5,0.0,2.0,0.0,1.0,1,0,Android
zenfone 10,1,0,0,1,0,1,1,asus,1752044.0,5000.0,6.3,16.0,256.0,120.0,200.0,458.1,1.0,1.0,0.0,0.0,1,0,Android
zte nubia z50 ultra,1,0,0,1,1,0,0,Other,1752044.0,5000.0,6.8,8.0,256.0,120.0,64.0,399.9,0.0,3.0,1.0,1.0,1,0,Android
zte nubia z60s pro,1,0,0,1,0,0,1,Other,1752044.0,5100.0,6.78,12.0,256.0,120.0,50.0,382.9,0.0,3.0,1.0,1.0,1,0,Android
zte v70,0,0,0,0,0,0,0,Other,569913.0,5100.0,6.67,8.0,256.0,90.0,64.0,394.6,0.0,3.0,0.0,1.0,1,0,Android
