,Name,Screen Size,Display,NFC,Battery,Price,Brand,OS_Name,OS_Version,antutu_11,clock,Chipset_name,Chipset_gen,gpu_name,gpu_gen,Refresh Rate,total_cores,max_freq_ghz,min_freq_ghz,weighted_mean,rear_count,rear_mp_max,rear_f/,rear_ois,rear_telephoto,rear_wide,front_mp,front_f/,PPI,SIM_total,has_eSIM,Price_source,RAM_min,RAM_max,ROM_min,ROM_max
0,apple iphone 5s,4.0,Other,0,1560.0,16118670.914501395,apple,iOS,11.0,419670.0,1850.0,Other,Unknown,PowerVR,GT7600,120.0,2.0,1.85,1.85,1.85,1.0,8.0,2.2,0.0,0.0,0.0,1.2,2.4,326.0,1,0,0,1.0,1.0,16.0,16.0
1,honor 200 lite,6.7,AMOLED,1,4500.0,6910959.747507929,honor,Android,14.0,581315.0,2400.0,MediaTek,6080,Mali,G57,90.0,8.0,2.4,2.0,2.1,3.0,108.0,1.6999999999999997,0.0,0.0,1.0,50.0,2.2,394.4,0,0,0,8.0,8.0,256.0,256.0
2,honor 200 pro,6.7,OLED,1,5200.0,12145984.651623448,honor,Android,14.0,1795718.0,3000.0,Snapdragon,8S Gen 3,Adreno,735,120.0,8.0,3.0,2.0,2.525,3.0,50.0,1.9000000000000001,1.0,1.0,0.0,50.0,2.2,394.6,0,0,0,12.0,12.0,256.0,256.0
3,honor 400,6.55,AMOLED,1,6000.0,12250000.0,honor,Android,15.0,1020938.0,2630.0,Snapdragon,7 Gen 3,Adreno,720,120.0,8.0,2.63,1.8,2.129,2.0,200.0,1.9000000000000001,1.0,0.0,1.0,50.0,2.0,460.1,2,1,1,12.0,12.0,256.0,512.0
4,honor 400 lite,6.7,AMOLED,1,5230.0,8130000.0,honor,Android,15.0,765609.0,2400.0,MediaTek,7025 Ultra,Other,Unknown,120.0,8.0,2.4,1.95,2.15,2.0,108.0,1.75,0.0,0.0,1.0,16.0,2.45,394.4,2,1,1,12.0,12.0,256.0,256.0
5,honor 400 pro,6.7,AMOLED,1,6000.0,15490000.0,honor,Android,15.0,2341391.0,3300.0,Snapdragon,8 Gen 3,Adreno,750,120.0,8.0,3.3,2.27,2.901,3.0,200.0,1.9000000000000001,1.0,1.0,1.0,50.0,2.0,459.5,2,1,1,12.0,12.0,512.0,512.0
6,honor 600,6.57,Other,0,9000.0,15847527.617204407,honor,Android,15.0,419670.0,1850.0,Other,Unknown,PowerVR,GT7600,120.0,2.0,1.85,1.85,1.85,2.0,50.0,1.8,0.0,0.0,0.0,8.0,2.1,399.9,0,0,0,8.0,12.0,128.0,256.0
7,honor 600 pro,6.57,Other,0,9000.0,15847527.617204407,honor,Android,15.0,419670.0,1850.0,Other,Unknown,PowerVR,GT7600,120.0,2.0,1.85,1.85,1.85,2.0,50.0,1.8,0.0,0.0,0.0,8.0,2.1,399.9,0,0,0,12.0,12.0,256.0,256.0
8,honor 70 lite,6.5,LCD,1,5000.0,4678681.010897397,honor,Android,12.0,477542.0,2200.0,Snapdragon,480 Plus,Adreno,619,60.0,8.0,2.2,1.8,1.9,3.0,50.0,1.8,0.0,0.0,0.0,8.0,2.0,269.9,1,0,0,4.0,4.0,128.0,128.0
9,honor 80,7.9,Other,1,4800.0,25966898.54301611,honor,Android,15.0,1294632.0,3000.0,Snapdragon,8 Gen 1,Adreno,730,120.0,8.0,3.0,1.8,2.212,1.0,200.0,1.8,0.0,0.0,0.0,32.0,2.2,395.2,0,0,0,12.0,12.0,128.0,128.0
10,honor 80 gt,6.66,AMOLED,1,4800.0,11929630.537227735,honor,Android,12.0,1411891.0,3200.0,Snapdragon,8 Plus Gen 1,Adreno,730,120.0,8.0,3.2,2.0,2.431,3.0,54.0,1.9000000000000001,0.0,0.0,1.0,16.0,2.4,395.2,1,0,0,12.0,12.0,256.0,256.0
11,honor 80 pro,7.9,AMOLED,1,4800.0,25966898.54301611,honor,Android,15.0,1294632.0,3000.0,Snapdragon,8 Gen 1,Adreno,730,120.0,8.0,3.0,1.8,2.212,1.0,200.0,1.8,0.0,0.0,0.0,32.0,2.2,395.2,0,0,0,12.0,12.0,128.0,128.0
12,honor 80 pro plus,7.9,AMOLED,0,5200.0,25781322.996017467,honor,Android,15.0,1294632.0,3000.0,Snapdragon,8 Gen 1,Adreno,730,120.0,8.0,3.0,1.8,2.212,1.0,200.0,1.8,0.0,0.0,0.0,32.0,2.2,395.2,0,0,0,12.0,12.0,128.0,128.0
13,honor 90,6.7,AMOLED,1,4900.0,7246804.3139782185,honor,Android,13.0,829085.0,2400.0,Snapdragon,7 Gen 1,Adreno,644,120.0,8.0,2.4,1.8,2.085,4.0,200.0,1.9000000000000001,0.0,0.0,1.0,50.0,2.4,437.6,1,0,0,8.0,12.0,256.0,256.0
14,honor 90 pro,6.78,AMOLED,1,5000.0,11222037.115306662,honor,Android,13.0,1411891.0,3200.0,Snapdragon,8 Plus Gen 1,Adreno,730,120.0,8.0,3.2,2.0,2.431,3.0,200.0,1.9000000000000001,1.0,0.0,1.0,50.0,2.4,394.05,1,0,0,12.0,12.0,256.0,256.0
15,honor magic 2,6.39,AMOLED,1,3500.0,19277678.232462868,honor,Android,15.0,739763.0,2600.0,Kirin,980,Mali,G76,120.0,8.0,2.6,1.8,2.03,3.0,24.0,1.8,0.0,0.0,0.0,16.0,2.0,403.3,1,0,0,8.0,8.0,128.0,128.0
16,honor magic 5,6.73,OLED,1,5100.0,16264684.874909364,honor,Android,13.0,1752044.0,3200.0,Snapdragon,8 Gen 2,Adreno,740,120.0,8.0,3.2,2.0,2.55,3.0,54.0,1.9000000000000001,1.0,1.0,1.0,12.0,2.2,394.6,1,0,0,12.0,12.0,256.0,256.0
17,honor magic 6 pro,6.8,OLED,1,5600.0,22560328.273532312,honor,Android,14.0,2341391.0,3300.0,Snapdragon,8 Gen 3,Adreno,750,120.0,8.0,3.3,2.27,2.901,3.0,180.0,1.4,1.0,1.0,1.0,50.0,2.0,394.05,1,0,0,12.0,12.0,512.0,512.0
18,honor magic 7 pro,6.8,OLED,1,5850.0,36065838.29810096,honor,Android,15.0,3336910.0,4320.0,Snapdragon,8 Elite,Adreno,830,120.0,8.0,4.32,3.53,3.728,3.0,200.0,1.4,0.0,1.0,1.0,50.0,2.1,452.8,2,1,0,16.0,16.0,1024.0,1024.0
19,honor magic v,7.9,OLED,1,4750.0,23915689.577225883,honor,Android,12.0,1294632.0,3000.0,Snapdragon,8 Gen 1,Adreno,730,90.0,8.0,3.0,1.8,2.212,3.0,50.0,1.9000000000000001,0.0,0.0,1.0,42.0,2.4,381.8,1,0,0,12.0,12.0,256.0,256.0
20,honor magic v3,7.0,AMOLED,0,5150.0,38453626.42698951,honor,Android,14.0,3336910.0,4320.0,Snapdragon,8 Elite,Adreno,830,120.0,8.0,4.32,3.53,3.728,3.0,50.0,1.6299999999999997,0.0,1.0,1.0,16.0,2.1,375.5,0,0,0,12.0,12.0,512.0,512.0
21,honor magic v5,6.43,OLED,1,5820.0,39990000.0,honor,Android,15.0,3336910.0,4320.0,Snapdragon,8 Elite,Adreno,830,120.0,8.0,4.32,3.53,3.728,3.0,64.0,1.6,1.0,1.0,1.0,20.0,2.2,409.3,2,1,1,16.0,16.0,512.0,512.0
22,honor play 10,6.74,LCD,0,5000.0,3380000.0,honor,Android,15.0,357879.0,2000.0,MediaTek,G81,Mali,G52,90.0,8.0,2.0,1.7,1.775,1.0,13.0,1.8,0.0,0.0,0.0,5.0,2.0,260.3,2,0,1,4.0,4.0,128.0,128.0
23,honor play 40c,6.6,Other,0,5200.0,6351759.844884331,honor,Android,13.0,477542.0,2200.0,Snapdragon,480 Plus,Adreno,619,90.0,8.0,2.2,1.8,1.9,1.0,13.0,1.8,0.0,0.0,0.0,5.0,2.0,267.5,0,0,0,6.0,6.0,128.0,128.0
24,honor play 7t pro,6.7,IPS LCD,0,4000.0,9043313.114537114,honor,Android,12.0,527185.0,2200.0,MediaTek,6020,Mali,G57,90.0,8.0,2.2,2.0,2.05,2.0,50.0,1.8,0.0,0.0,1.0,8.0,2.0,391.2,1,0,0,8.0,8.0,128.0,128.0
25,honor power,6.78,AMOLED,0,8000.0,11016857.290541118,honor,Android,15.0,1020938.0,2630.0,Snapdragon,7 Gen 3,Adreno,720,120.0,8.0,2.63,1.8,2.129,2.0,50.0,1.95,0.0,0.0,0.0,16.0,2.45,394.05,0,0,0,8.0,8.0,256.0,256.0
26,honor x40,6.66,AMOLED,0,5100.0,6043588.803958628,honor,Android,12.0,592489.0,2200.0,Snapdragon,695,Adreno,619,120.0,8.0,2.2,1.8,1.9,2.0,50.0,1.8,0.0,0.0,1.0,8.0,2.0,395.2,1,0,0,6.0,6.0,128.0,128.0
27,honor x5 plus,6.56,LCD,1,5200.0,2189023.4822454453,honor,Android,13.0,195539.0,2200.0,MediaTek,G36,PowerVR,GE8320,90.0,8.0,2.2,1.8,2.0,8.0,50.0,1.8,0.0,0.0,0.0,5.0,2.2,269.1,1,0,0,4.0,4.0,64.0,64.0
28,honor x50i,6.7,IPS LCD,0,4500.0,6316959.6749109095,honor,Android,12.0,527185.0,2200.0,MediaTek,6020,Mali,G57,90.0,8.0,2.2,2.0,2.05,2.0,108.0,1.8,0.0,0.0,0.0,8.0,2.0,391.2,0,0,0,6.0,8.0,128.0,128.0
29,honor x5b,6.56,IPS LCD,0,5200.0,2160000.0,honor,Android,14.0,195539.0,2200.0,MediaTek,G36,PowerVR,GE8320,90.0,8.0,2.2,1.8,2.0,1.0,13.0,1.8,0.0,0.0,0.0,5.0,2.2,269.1,1,0,1,4.0,4.0,64.0,64.0
30,honor x5c plus,6.74,LCD,1,5130.0,3690000.0,honor,Android,15.0,357879.0,2000.0,MediaTek,G81,Mali,G52,90.0,8.0,2.0,1.7,1.775,1.0,50.0,1.8,0.0,0.0,0.0,5.0,2.2,260.3,1,0,1,4.0,4.0,64.0,128.0
31,honor x6,6.5,LCD,1,5000.0,3287503.9147169455,honor,Android,12.0,419670.0,1850.0,Other,Unknown,PowerVR,GT7600,120.0,2.0,1.85,1.85,1.85,3.0,50.0,1.8,0.0,0.0,1.0,5.0,2.0,269.9,1,0,0,4.0,4.0,128.0,128.0
32,honor x6a,6.56,IPS LCD,1,5200.0,2415358.132280414,honor,Android,13.0,195539.0,2200.0,MediaTek,G36,PowerVR,GE8320,90.0,8.0,2.2,1.8,2.0,3.0,50.0,1.8,0.0,0.0,0.0,5.0,2.2,269.1,1,0,0,4.0,4.0,128.0,128.0
33,honor x6c,6.6,LCD,1,5300.0,4490000.0,honor,Android,15.0,765609.0,2400.0,MediaTek,G81,Other,Unknown,120.0,8.0,2.4,1.95,2.15,1.0,50.0,1.8,0.0,0.0,0.0,5.0,2.2,266.4,1,0,1,6.0,6.0,128.0,128.0
34,honor x7,6.74,IPS LCD,0,5000.0,3719878.7535341126,honor,Android,11.0,415362.0,2400.0,Snapdragon,680,Adreno,610,90.0,8.0,2.4,1.9,2.15,4.0,48.0,1.8,0.0,0.0,1.0,8.0,2.2,261.9,1,0,0,4.0,4.0,128.0,128.0
35,honor x7c,6.77,IPS LCD,0,6000.0,4300000.0,honor,Android,14.0,461236.0,2800.0,Snapdragon,685,Adreno,610,120.0,8.0,2.8,1.9,2.35,2.0,108.0,1.75,0.0,0.0,0.0,8.0,2.0,394.05,1,0,1,8.0,8.0,256.0,256.0
36,honor x7d,6.77,LCD,0,6500.0,6490000.0,honor,Android,15.0,461236.0,2800.0,Snapdragon,685,Adreno,610,120.0,8.0,2.8,1.9,2.35,2.0,108.0,1.8,0.0,0.0,0.0,8.0,2.0,394.05,1,0,1,8.0,8.0,128.0,256.0
37,honor x8a,6.7,IPS LCD,1,4500.0,5758251.604521703,honor,Android,12.0,353817.0,2000.0,MediaTek,G88,Mali,G52,90.0,8.0,2.0,1.8,1.85,2.0,5.0,1.9000000000000001,0.0,0.0,1.0,16.0,2.5,389.5,1,0,0,8.0,8.0,128.0,128.0
38,honor x8d,6.77,AMOLED,1,6800.0,7790000.0,honor,Android,16.0,522680.0,2900.0,Snapdragon,6S Gen 2,Adreno,610,120.0,8.0,2.9,1.9,2.4,2.0,108.0,1.75,0.0,0.0,0.0,16.0,2.45,387.7,2,0,1,8.0,8.0,128.0,128.0
39,honor x9b,6.78,AMOLED,1,5800.0,7861504.522659566,honor,Android,13.0,733620.0,2200.0,Snapdragon,6 Gen 1,Adreno,710,120.0,8.0,2.2,1.8,2.0,3.0,8.0,1.75,0.0,0.0,1.0,6.0,2.45,429.3,1,0,0,12.0,12.0,256.0,256.0
40,honor x9c,6.78,AMOLED,1,6600.0,7290000.0,honor,Android,14.0,733620.0,2200.0,Snapdragon,6 Gen 1,Adreno,710,120.0,8.0,2.2,1.8,2.0,2.0,108.0,1.75,1.0,0.0,1.0,16.0,2.45,394.05,1,0,1,12.0,12.0,256.0,256.0
41,honor x9d,6.79,AMOLED,1,8300.0,11690000.0,honor,Android,15.0,963651.0,2300.0,Snapdragon,6 Gen 4,Adreno,810,120.0,8.0,2.3,1.8,2.013,2.0,108.0,1.75,0.0,0.0,1.0,16.0,2.45,427.1,2,0,1,12.0,12.0,256.0,512.0
42,huawei enjoy 20 plus,6.5,IPS LCD,0,4500.0,17632772.613557745,huawei,Android,10.0,419670.0,1850.0,Other,Unknown,PowerVR,GT7600,120.0,2.0,1.85,1.85,1.85,3.0,48.0,1.8,0.0,0.0,1.0,16.0,2.0,404.9,1,0,0,8.0,8.0,128.0,128.0
43,huawei enjoy 50 pro,6.7,Other,1,4500.0,6774086.924625519,huawei,Android,10.0,415362.0,2400.0,Snapdragon,680,Adreno,610,90.0,8.0,2.4,1.9,2.15,2.0,50.0,1.8,0.0,0.0,0.0,8.0,2.2,391.2,0,0,0,8.0,8.0,128.0,128.0
44,huawei enjoy 60x,6.95,LCD,1,7000.0,5008281.1671979455,huawei,Android,10.0,415362.0,2400.0,Snapdragon,680,Adreno,610,90.0,8.0,2.4,1.9,2.15,2.0,50.0,2.4,0.0,0.0,1.0,8.0,2.0,375.5,1,0,0,8.0,8.0,128.0,128.0
45,huawei mate 50e,6.7,OLED,1,4460.0,10082523.229369236,huawei,Android,10.0,780000.0,2400.0,Snapdragon,778G,Adreno,642,90.0,8.0,2.4,1.8,2.1,2.0,50.0,1.4,0.0,0.0,1.0,13.0,2.4,394.6,1,0,0,8.0,8.0,256.0,256.0
46,huawei mate 60 pro,6.82,OLED,1,5000.0,18348992.226389028,huawei,Android,10.0,1062256.0,2620.0,Kirin,9000s,Maleoon,910,120.0,8.0,2.62,1.53,1.899,3.0,50.0,1.4,1.0,1.0,1.0,13.0,2.4,394.05,1,0,0,12.0,12.0,256.0,256.0
47,huawei mate x2,8.0,OLED,1,4500.0,29764682.44053079,huawei,Android,10.0,1079281.0,3130.0,Kirin,9000,Mali,G78,90.0,8.0,3.13,2.05,2.369,4.0,50.0,1.9000000000000001,0.0,1.0,1.0,16.0,2.2,395.2,1,0,0,8.0,8.0,256.0,256.0
48,huawei mate x6,6.7,OLED,0,5100.0,15711829.071093636,huawei,Android,10.0,1752044.0,3200.0,Snapdragon,8 Gen 2,Adreno,740,120.0,8.0,3.2,2.0,2.55,3.0,50.0,1.4,0.0,1.0,1.0,8.0,2.2,395.2,0,0,0,12.0,12.0,256.0,256.0
49,huawei mate x7,8.0,OLED,1,5600.0,42990000.0,huawei,Android,10.0,419670.0,1850.0,Other,Unknown,PowerVR,GT7600,120.0,2.0,1.85,1.85,1.85,3.0,50.0,1.49,1.0,1.0,1.0,8.0,2.2,395.2,0,0,1,16.0,16.0,512.0,512.0
50,huawei mate xt ultimate,10.2,OLED,0,5600.0,26035758.206386033,huawei,Android,10.0,1155792.0,2300.0,Kirin,9010,Maleoon,910,120.0,8.0,2.3,1.55,1.88,3.0,50.0,1.8,0.0,0.0,0.0,8.0,2.0,395.2,2,0,0,16.0,16.0,256.0,256.0
51,huawei nova 10,6.66,OLED,1,4000.0,12069131.253527852,huawei,Android,10.0,780000.0,2400.0,Snapdragon,778G,Adreno,642,120.0,8.0,2.4,1.8,2.1,3.0,50.0,1.9000000000000001,0.0,0.0,1.0,59.99999999999999,2.4,395.2,1,0,0,8.0,8.0,128.0,128.0
52,huawei nova 10 pro,6.78,OLED,1,4500.0,10158341.161599059,huawei,Android,10.0,780000.0,2400.0,Snapdragon,778G,Adreno,642,120.0,8.0,2.4,1.8,2.1,3.0,50.0,1.8,0.0,0.0,1.0,59.99999999999999,2.2,394.05,1,0,0,8.0,8.0,128.0,128.0
53,huawei nova 10 se,6.66,OLED,1,4500.0,9796686.248092165,huawei,Android,10.0,780000.0,2400.0,Snapdragon,778G,Adreno,642,90.0,8.0,2.4,1.8,2.1,3.0,108.0,1.8,0.0,0.0,0.0,16.0,2.2,395.2,1,0,0,8.0,8.0,256.0,256.0
54,huawei nova 10z,6.6,IPS LCD,0,4000.0,20895445.084872685,huawei,Android,10.0,419670.0,1850.0,Other,Unknown,PowerVR,GT7600,120.0,2.0,1.85,1.85,1.85,3.0,64.0,1.9000000000000001,0.0,0.0,1.0,16.0,2.0,398.8,1,0,0,8.0,8.0,128.0,128.0
55,huawei nova 11 se,6.67,OLED,1,4500.0,6921623.225323017,huawei,Android,10.0,415362.0,2400.0,Snapdragon,680,Adreno,610,90.0,8.0,2.4,1.9,2.15,3.0,108.0,1.9000000000000001,0.0,0.0,0.0,32.0,2.45,394.6,1,0,0,8.0,8.0,256.0,256.0
56,huawei nova 12 pro,6.78,OLED,1,4900.0,11281216.021083301,huawei,Android,10.0,1062256.0,2620.0,Kirin,9000s,Maleoon,910,120.0,8.0,2.62,1.53,1.899,3.0,50.0,1.9000000000000001,0.0,1.0,1.0,59.99999999999999,2.2,429.3,1,0,0,8.0,8.0,256.0,256.0
57,huawei nova 7 se,6.5,IPS LCD,0,4000.0,10180256.218148608,huawei,Android,10.0,602614.0,2360.0,Kirin,820,Mali,G57,120.0,8.0,2.36,1.84,2.047,4.0,64.0,1.8,0.0,0.0,1.0,16.0,2.0,404.9,1,0,0,8.0,8.0,128.0,128.0
58,huawei nova y71,6.75,LCD,0,6000.0,7154808.3198572965,huawei,Android,10.0,419670.0,1850.0,Other,Unknown,PowerVR,GT7600,120.0,2.0,1.85,1.85,1.85,3.0,48.0,1.8,0.0,0.0,1.0,8.0,2.0,259.9,0,0,0,8.0,8.0,128.0,128.0
59,huawei p30,6.1,OLED,1,3650.0,17990000.0,huawei,Android,10.0,739763.0,2600.0,Kirin,980,Mali,G76,120.0,8.0,2.6,1.8,2.03,3.0,40.0,1.8,0.0,0.0,0.0,32.0,2.0,422.5,1,0,1,8.0,8.0,128.0,128.0
60,huawei p30 lite,6.15,IPS LCD,1,4300.0,7490000.0,huawei,Android,10.0,336905.0,2200.0,Kirin,710,Mali,G51,120.0,8.0,2.2,1.7,1.95,3.0,24.0,1.8,0.0,0.0,0.0,32.0,2.0,414.9,1,0,1,6.0,6.0,128.0,128.0
61,huawei p30 pro,6.4,OLED,1,4200.0,23990000.0,huawei,Android,10.0,765609.0,2400.0,Kirin,980,Other,Unknown,120.0,8.0,2.4,1.95,2.15,3.0,40.0,1.8,0.0,0.0,0.0,32.0,2.0,402.7,1,0,1,8.0,8.0,256.0,256.0
62,huawei p50 pocket s,6.7,Other,1,4500.0,8865160.2017638,huawei,Android,10.0,780000.0,2400.0,Snapdragon,778G,Adreno,642,120.0,8.0,2.4,1.8,2.1,3.0,50.0,1.8,0.0,0.0,1.0,16.0,2.2,395.2,0,0,0,8.0,8.0,256.0,256.0
63,huawei p50 pro,6.3,OLED,1,4500.0,17112292.97522192,huawei,Android,10.0,419670.0,1850.0,Other,Unknown,PowerVR,GT7600,120.0,2.0,1.85,1.85,1.85,2.0,50.0,1.8,0.0,0.0,0.0,8.0,2.1,409.1,1,0,0,8.0,8.0,256.0,256.0
64,huawei p60,6.66,AMOLED,1,4815.0,13606476.249648679,huawei,Android,10.0,1411891.0,3200.0,Snapdragon,8 Plus Gen 1,Adreno,730,120.0,8.0,3.2,2.0,2.431,3.0,48.0,1.4,1.0,1.0,1.0,13.0,2.4,394.6,1,0,0,8.0,8.0,128.0,128.0
65,huawei p60 art,6.67,OLED,1,5100.0,12335657.329848023,huawei,Android,10.0,1411891.0,3200.0,Snapdragon,8 Plus Gen 1,Adreno,730,120.0,8.0,3.2,2.0,2.431,3.0,48.0,1.4,1.0,1.0,1.0,13.0,2.4,394.6,1,0,0,12.0,12.0,512.0,512.0
66,huawei p60 pro,6.66,OLED,1,4815.0,12002900.99762381,huawei,Android,10.0,1411891.0,3200.0,Snapdragon,8 Plus Gen 1,Adreno,730,120.0,8.0,3.2,2.0,2.431,3.0,48.0,1.4,0.0,0.0,1.0,13.0,2.4,394.6,1,0,0,8.0,8.0,256.0,256.0
67,huawei pocket s,6.9,OLED,1,4000.0,13104162.706699664,huawei,Android,10.0,780000.0,2400.0,Snapdragon,778G,Adreno,642,120.0,8.0,2.4,1.8,2.1,2.0,40.0,1.8,0.0,0.0,1.0,6.999999999999999,2.2,457.6,1,0,0,8.0,8.0,128.0,128.0
68,huawei y6s 2019,6.1,Other,1,3020.0,14539731.782977553,huawei,Android,9.0,419670.0,1850.0,Other,Unknown,PowerVR,GT7600,120.0,2.0,1.85,1.85,1.85,2.0,50.0,1.8,0.0,0.0,0.0,8.0,2.1,457.3,0,0,0,3.0,3.0,32.0,32.0
69,huawei nova 9 se,6.78,IPS LCD,1,4000.0,9379459.465944095,huawei,Android,11.0,415362.0,2400.0,Snapdragon,680,Adreno,610,90.0,8.0,2.4,1.9,2.15,4.0,108.0,1.9000000000000001,0.0,0.0,1.0,16.0,2.2,386.6,1,0,0,8.0,8.0,128.0,128.0
70,iphone 11,6.1,IPS LCD,1,3110.0,7490000.0,apple,iOS,13.0,1091336.0,2650.0,Apple,A13,Apple GPU,A13,120.0,6.0,2.65,1.6,1.95,1.0,12.0,1.8,0.0,0.0,1.0,12.0,2.2,323.6,2,1,1,4.0,4.0,64.0,64.0
71,iphone 12,6.1,OLED,1,2815.0,9990000.0,apple,iOS,14.1,1337390.0,3100.0,Apple,A14,Apple GPU,A14,60.0,6.0,3.1,1.8,2.233,2.0,12.0,1.6,0.0,0.0,1.0,12.0,2.2,457.3,2,1,1,4.0,4.0,64.0,128.0
72,iphone 12 mini i,5.4,OLED,1,2227.0,12990000.0,apple,iOS,14.1,1337390.0,3100.0,Apple,A14,Apple GPU,A14,60.0,6.0,3.1,1.8,2.233,2.0,12.0,1.6,0.0,0.0,1.0,12.0,2.2,477.3,2,1,1,4.0,4.0,64.0,64.0
73,iphone 12 pro max i,6.7,OLED,1,3687.0,23490000.0,apple,iOS,14.1,1337390.0,3100.0,Apple,A14,Apple GPU,A14,60.0,6.0,3.1,1.8,2.233,3.0,12.0,1.6,1.0,1.0,1.0,12.0,2.2,456.8,2,1,1,6.0,6.0,128.0,128.0
74,iphone 13,6.1,OLED,1,3240.0,11990000.0,apple,iOS,15.0,765609.0,2400.0,Apple,A15,Other,Unknown,60.0,8.0,2.4,1.95,2.15,2.0,12.0,1.6,0.0,0.0,1.0,12.0,2.2,457.3,2,1,1,4.0,4.0,128.0,256.0
75,iphone 13 pro,6.1,OLED,1,3095.0,21990000.0,apple,iOS,15.0,1413275.0,3230.0,Apple,A15,Apple GPU,A15,120.0,6.0,3.23,2.02,2.423,3.0,12.0,1.5,0.0,1.0,1.0,12.0,2.2,457.3,2,1,1,6.0,6.0,128.0,128.0
76,iphone 13 pro max,6.7,OLED,1,4352.0,22990000.0,apple,iOS,15.0,1413275.0,3230.0,Apple,A15,Apple GPU,A15,120.0,6.0,3.23,2.02,2.423,3.0,12.0,1.5,0.0,1.0,1.0,12.0,2.2,456.8,2,1,1,6.0,6.0,128.0,256.0
77,iphone 14,6.1,OLED,1,3279.0,13990000.0,apple,iOS,16.0,1413275.0,3230.0,Apple,A15,Apple GPU,A15,60.0,6.0,3.23,2.02,2.423,2.0,12.0,1.5,0.0,0.0,1.0,12.0,1.9,457.3,2,1,1,6.0,6.0,128.0,128.0
78,iphone 14 plus,6.7,OLED,1,4325.0,15990000.0,apple,iOS,16.0,1413275.0,3230.0,Apple,A15,Apple GPU,A15,60.0,6.0,3.23,2.02,2.423,2.0,12.0,1.5,0.0,0.0,1.0,12.0,1.9,456.8,2,1,1,6.0,6.0,128.0,128.0
79,iphone 14 pro,6.1,OLED,1,3200.0,24990000.0,apple,iOS,16.0,1633145.0,3460.0,Apple,A16,Apple GPU,A16,120.0,6.0,3.46,2.02,2.5,3.0,48.0,1.8,1.0,1.0,1.0,12.0,1.9,461.4,2,1,1,6.0,6.0,128.0,256.0
80,iphone 14 pro max,6.7,OLED,1,4323.0,25590000.0,apple,iOS,16.0,765609.0,2400.0,Apple,A16,Other,Unknown,120.0,8.0,2.4,1.95,2.15,3.0,48.0,1.8,1.0,1.0,1.0,12.0,1.9,459.6,2,1,1,6.0,6.0,128.0,256.0
81,iphone 15,6.1,OLED,1,3349.0,17890000.0,apple,iOS,17.0,1633145.0,3460.0,Apple,A16,Apple GPU,A16,60.0,6.0,3.46,2.02,2.5,2.0,48.0,1.8,0.0,0.0,0.0,12.0,1.9,461.4,2,1,1,6.0,6.0,128.0,256.0
82,iphone 15 plus,6.7,OLED,1,4383.0,17690000.0,apple,iOS,17.0,1633145.0,3460.0,Apple,A16,Apple GPU,A16,60.0,6.0,3.46,2.02,2.5,2.0,48.0,1.8,0.0,0.0,0.0,12.0,1.9,459.6,2,1,1,6.0,6.0,128.0,256.0
83,iphone 15 pro,6.1,OLED,1,3274.0,26290000.0,apple,iOS,17.0,1503813.0,3780.0,Apple,A17 Pro,Apple GPU,A17,120.0,6.0,3.78,2.11,2.667,3.0,48.0,1.7800000000000002,0.0,1.0,1.0,12.0,1.9,461.4,2,1,1,8.0,8.0,128.0,256.0
84,iphone 15 pro max,6.7,OLED,1,3274.0,34881335.26412096,apple,iOS,26.0,1503813.0,3780.0,Apple,A17 Pro,Apple GPU,A17,120.0,6.0,3.78,2.11,2.667,3.0,48.0,1.7800000000000002,0.0,1.0,1.0,12.0,1.9,459.6,0,0,0,8.0,8.0,1024.0,1024.0
85,iphone 16,6.1,OLED,1,3274.0,20590000.0,apple,iOS,18.0,1918031.0,4050.0,Apple,A18,Apple GPU,A18,60.0,6.0,4.05,2.42,2.963,2.0,48.0,1.6,0.0,0.0,1.0,12.0,1.9,461.4,2,0,1,8.0,8.0,128.0,256.0
86,iphone 16 plus,6.7,OLED,1,3274.0,24290000.0,apple,iOS,18.0,1918031.0,4050.0,Apple,A18,Apple GPU,A18,60.0,6.0,4.05,2.42,2.963,2.0,48.0,1.6,0.0,0.0,1.0,12.0,1.9,459.6,2,0,1,8.0,8.0,128.0,256.0
87,iphone 16 pro,6.3,OLED,1,3274.0,35990000.0,apple,iOS,18.0,1808835.0,4050.0,Apple,A18 Pro,Apple GPU,A18 Pro,120.0,6.0,4.05,2.42,2.963,3.0,48.0,1.6,0.0,1.0,1.0,12.0,1.9,458.1,2,0,1,8.0,8.0,128.0,1024.0
88,iphone 16 pro max,6.9,OLED,1,3274.0,30990000.0,apple,iOS,18.0,1808835.0,4050.0,Apple,A18 Pro,Apple GPU,A18 Pro,120.0,6.0,4.05,2.42,2.963,3.0,48.0,1.6,0.0,1.0,1.0,12.0,1.9,457.6,2,0,1,8.0,8.0,256.0,1024.0
89,iphone 16e,6.1,Other,1,3279.0,12190000.0,apple,iOS,18.0,1918031.0,4050.0,Apple,A18,Apple GPU,A18,60.0,6.0,4.05,2.42,2.963,2.0,48.0,1.6,0.0,1.0,0.0,12.0,1.9,457.3,2,0,1,8.0,8.0,128.0,256.0
90,iphone 17,6.3,OLED,1,3274.0,23990000.0,apple,iOS,26.0,2239708.0,4260.0,Apple,A19,Apple GPU,A19,120.0,6.0,4.26,2.6,3.153,3.0,48.0,1.6,0.0,1.0,1.0,18.0,1.9,458.1,2,0,1,8.0,8.0,256.0,512.0
91,iphone 17 pro,6.3,Other,1,3274.0,33790000.0,apple,iOS,26.0,2606807.0,4260.0,Apple,A19 Pro,Apple GPU,A19 Pro,120.0,6.0,4.26,2.6,3.153,3.0,48.0,1.6,1.0,1.0,1.0,18.0,1.9,458.1,2,0,1,12.0,12.0,256.0,1024.0
92,iphone 17 pro max,6.9,Other,1,3274.0,36990000.0,apple,iOS,26.0,2606807.0,4260.0,Apple,A19 Pro,Apple GPU,A19 Pro,120.0,6.0,4.26,2.6,3.153,3.0,48.0,1.6,1.0,1.0,1.0,18.0,1.9,457.6,2,0,1,12.0,12.0,256.0,2048.0
93,iphone 17e,6.1,Other,1,3279.0,17390000.0,apple,iOS,26.0,2239708.0,4260.0,Apple,A19,Apple GPU,A19,60.0,6.0,4.26,2.6,3.153,2.0,48.0,1.6,0.0,1.0,0.0,12.0,1.9,457.3,2,1,1,8.0,8.0,256.0,512.0
94,iphone air,6.5,Other,1,2830.0,22890000.0,apple,iOS,26.0,2606807.0,4260.0,Apple,A19 Pro,Apple GPU,A19 Pro,120.0,6.0,4.26,2.6,3.153,1.0,48.0,1.6,0.0,0.0,0.0,18.0,1.6,463.4,2,1,1,12.0,12.0,256.0,1024.0
95,itel p55 plus,6.6,Other,1,5000.0,2990000.0,itel,Android,13.0,330006.0,1600.0,Unisoc,T606,Mali,G57,90.0,8.0,1.6,1.6,1.6,1.0,50.0,1.8,0.0,0.0,1.0,8.0,2.0,399.9,0,0,1,8.0,8.0,128.0,256.0
96,itel rs4,6.56,IPS LCD,1,5000.0,3390000.0,itel,Android,13.0,765609.0,2400.0,MediaTek,G99,Other,Unknown,120.0,8.0,2.4,1.95,2.15,1.0,50.0,1.6,0.0,0.0,1.0,8.0,2.35,269.1,2,0,1,8.0,12.0,128.0,256.0
97,meizu 20,6.55,OLED,1,4700.0,19119335.003922075,meizu,Android,14.0,1752044.0,3200.0,Snapdragon,8 Gen 2,Adreno,740,144.0,8.0,3.2,2.0,2.55,3.0,50.0,1.9000000000000001,0.0,0.0,1.0,32.0,2.5,402.9,1,0,0,12.0,12.0,128.0,128.0
98,meizu 20 pro,6.81,OLED,1,5000.0,24310024.475200985,meizu,Android,14.0,1752044.0,3200.0,Snapdragon,8 Gen 2,Adreno,740,120.0,8.0,3.2,2.0,2.55,3.0,50.0,1.9000000000000001,0.0,1.0,1.0,32.0,2.5,515.3,1,0,0,12.0,12.0,128.0,128.0
99,meizu lucky 08,6.78,AMOLED,0,6000.0,5490000.0,meizu,Android,14.0,794701.0,2400.0,Snapdragon,7S Gen 2,Adreno,710,120.0,8.0,2.4,1.95,2.175,2.0,108.0,1.67,0.0,0.0,0.0,8.0,2.0,450.4,2,0,1,12.0,12.0,256.0,256.0
100,meizu mblu 21,6.79,Other,0,4900.0,2690000.0,meizu,Android,14.0,330006.0,1600.0,Unisoc,T606,Mali,G57,90.0,8.0,1.6,1.6,1.6,1.0,13.0,1.8,0.0,0.0,0.0,8.0,2.0,394.05,2,0,1,4.0,6.0,64.0,128.0
101,meizu mblu 22,6.79,IPS LCD,0,5000.0,2290000.0,meizu,Android,15.0,153667.0,1600.0,Unisoc,SC9863A,PowerVR,GE8322,90.0,8.0,1.6,1.2,1.4,1.0,13.0,1.8,0.0,0.0,0.0,5.0,2.2,394.05,0,0,1,3.0,3.0,64.0,64.0
102,meizu mblu 22 pro,6.79,LCD,1,5000.0,2990000.0,meizu,Android,15.0,357879.0,2000.0,MediaTek,G81,Mali,G52,120.0,8.0,2.0,1.7,1.775,2.0,50.0,1.8,0.0,0.0,0.0,5.0,2.0,263.8,2,0,1,4.0,6.0,128.0,256.0
103,meizu mblu note 21 pro,6.78,IPS LCD,1,5000.0,3990000.0,meizu,Android,14.0,547830.0,2200.0,MediaTek,G99,Mali,G57,120.0,8.0,2.2,2.0,2.05,2.0,64.0,1.8,0.0,0.0,0.0,13.0,2.35,388.2,2,0,1,8.0,8.0,256.0,256.0
104,nubia a36,6.75,IPS LCD,0,5000.0,2890000.0,nubia,Android,15.0,419670.0,1850.0,Other,Unknown,PowerVR,GT7600,90.0,2.0,1.85,1.85,1.85,1.0,13.0,1.8,0.0,0.0,0.0,5.0,2.1,259.9,2,0,1,4.0,4.0,64.0,64.0
105,nubia a56,6.75,IPS LCD,0,5000.0,3390000.0,nubia,Android,15.0,419670.0,1850.0,Other,Unknown,PowerVR,GT7600,90.0,2.0,1.85,1.85,1.85,1.0,13.0,1.8,0.0,0.0,0.0,8.0,2.1,259.9,2,0,1,4.0,4.0,128.0,128.0
106,nubia air,6.78,AMOLED,0,5000.0,5490000.0,nubia,Android,15.0,639225.0,2200.0,Unisoc,T8300,Mali,G57,120.0,8.0,2.2,2.0,2.05,2.0,50.0,1.8,0.0,0.0,0.0,20.0,2.0,394.05,2,0,1,8.0,8.0,256.0,256.0
107,nubia neo,6.6,IPS LCD,0,4500.0,3990000.0,nubia,Android,13.0,757199.0,2700.0,Unisoc,T820,Mali,G57,120.0,8.0,2.7,2.1,2.25,2.0,50.0,1.8,0.0,0.0,0.0,8.0,2.0,399.9,1,0,1,8.0,8.0,256.0,256.0
108,nubia neo 2,6.72,IPS LCD,1,6000.0,4290000.0,nubia,Android,13.0,757199.0,2700.0,Unisoc,T820,Mali,G57,120.0,8.0,2.7,2.1,2.25,2.0,50.0,1.8,0.0,0.0,1.0,16.0,2.0,391.6,1,0,1,8.0,8.0,256.0,256.0
109,nubia neo 3,6.8,Other,1,6000.0,4790000.0,nubia,Android,15.0,765609.0,2400.0,Unisoc,Unknown,Other,Unknown,120.0,8.0,2.4,1.95,2.15,2.0,50.0,1.8,0.0,0.0,0.0,16.0,2.0,394.05,2,0,1,8.0,8.0,128.0,256.0
110,nubia neo 3 gt,6.8,OLED,1,6000.0,7490000.0,nubia,Android,15.0,701417.0,2700.0,Unisoc,T9100,Mali,G57,120.0,8.0,2.7,2.1,2.25,2.0,50.0,1.8,0.0,0.0,0.0,16.0,2.0,386.0,2,0,1,12.0,12.0,256.0,256.0
111,nubia neo 5,6.8,Other,1,6050.0,6990000.0,nubia,Android,16.0,765609.0,2400.0,Unisoc,Unknown,Other,Unknown,120.0,8.0,2.4,1.95,2.15,2.0,50.0,1.8,0.0,0.0,0.0,16.0,2.0,394.05,2,1,1,8.0,8.0,128.0,256.0
112,nubia neo 5 gt,6.8,AMOLED,1,6210.0,8990000.0,nubia,Android,16.0,765609.0,2400.0,Other,Unknown,Other,Unknown,144.0,8.0,2.4,1.95,2.15,2.0,50.0,1.8,0.0,0.0,0.0,16.0,2.1,394.05,2,0,1,8.0,12.0,256.0,256.0
113,nubia neo 5 max,6.7,Other,0,6000.0,7478131.134005383,nubia,Android,15.0,419670.0,1850.0,Other,Unknown,PowerVR,GT7600,120.0,2.0,1.85,1.85,1.85,2.0,50.0,1.8,0.0,0.0,0.0,8.0,2.1,395.2,0,0,0,8.0,8.0,128.0,128.0
114,nubia red magic 10,6.7,Other,0,6000.0,8083826.612793552,nubia,Android,15.0,419670.0,1850.0,Other,Unknown,PowerVR,GT7600,120.0,2.0,1.85,1.85,1.85,2.0,50.0,1.8,0.0,0.0,0.0,8.0,2.1,395.2,0,0,0,8.0,8.0,256.0,256.0
115,nubia red magic 7 pro,6.8,AMOLED,1,5000.0,18171442.169886444,nubia,Android,12.0,1294632.0,3000.0,Snapdragon,8 Gen 1,Adreno,730,120.0,8.0,3.0,1.8,2.212,3.0,64.0,1.8,0.0,0.0,1.0,16.0,2.0,387.0,1,0,0,16.0,16.0,256.0,256.0
116,nubia red magic 7s,6.8,OLED,1,4500.0,21604282.028948706,nubia,Android,12.0,1411891.0,3200.0,Snapdragon,8 Plus Gen 1,Adreno,730,120.0,8.0,3.2,2.0,2.431,3.0,64.0,1.8,0.0,0.0,1.0,8.0,2.0,387.0,1,0,0,8.0,8.0,128.0,128.0
117,nubia redmagic 8s pro,6.8,AMOLED,1,6000.0,18990000.0,nubia,Android,13.0,1752044.0,3200.0,Snapdragon,8 Gen 2,Adreno,740,120.0,8.0,3.2,2.0,2.55,3.0,50.0,1.9000000000000001,0.0,0.0,1.0,16.0,2.0,399.9,1,0,1,12.0,12.0,256.0,256.0
118,nubia redmagic 8s pro transparent,6.8,AMOLED,1,6000.0,20457488.226295806,nubia,Android,13.0,1752044.0,3200.0,Snapdragon,8 Gen 2,Adreno,740,120.0,8.0,3.2,2.0,2.55,3.0,50.0,1.88,0.0,0.0,0.0,16.0,2.2,399.9,1,0,0,16.0,16.0,512.0,512.0
119,nubia v60 design,6.6,Other,0,5000.0,2690000.0,nubia,Android,15.0,330006.0,1600.0,Unisoc,T606,Mali,G57,90.0,8.0,1.6,1.6,1.6,2.0,50.0,1.8,0.0,0.0,0.0,8.0,2.0,267.5,1,0,1,6.0,6.0,256.0,256.0
120,nubia v70 design,6.7,IPS LCD,1,5000.0,2790000.0,nubia,Android,14.0,330006.0,1600.0,Unisoc,T606,Mali,G57,120.0,8.0,1.6,1.6,1.6,2.0,50.0,1.8,0.0,0.0,0.0,6.0,2.0,261.9,2,0,1,8.0,8.0,128.0,128.0
121,nubia v70 max,6.9,IPS LCD,1,6000.0,2390000.0,nubia,Android,15.0,330006.0,1600.0,Unisoc,T606,Mali,G57,120.0,8.0,1.6,1.6,1.6,2.0,50.0,1.8,0.0,0.0,0.0,8.0,2.0,259.6,2,0,1,4.0,6.0,128.0,128.0
122,nubia v80 design,6.75,IPS LCD,1,5000.0,3490000.0,nubia,Android,16.0,765609.0,2400.0,Unisoc,Unknown,Other,Unknown,120.0,8.0,2.4,1.95,2.15,2.0,50.0,1.8,0.0,0.0,0.0,16.0,2.0,394.05,2,0,1,4.0,8.0,128.0,128.0
123,nubia v80 max,6.9,IPS LCD,1,6000.0,3890000.0,nubia,Android,15.0,765609.0,2400.0,Unisoc,Unknown,Other,Unknown,120.0,8.0,2.4,1.95,2.15,2.0,50.0,1.8,0.0,0.0,0.0,16.0,2.0,457.6,2,0,1,8.0,8.0,128.0,256.0
124,nubia z40s pro,6.66,AMOLED,1,5000.0,13071175.843960488,nubia,Android,12.0,1411891.0,3200.0,Snapdragon,8 Plus Gen 1,Adreno,730,144.0,8.0,3.2,2.0,2.431,3.0,64.0,1.6,1.0,1.0,1.0,16.0,2.5,395.2,1,0,0,8.0,8.0,128.0,128.0
125,nubia z70 ultra,6.85,AMOLED,1,6150.0,16990000.0,nubia,Android,15.0,3336910.0,4320.0,Snapdragon,8 Elite,Adreno,830,144.0,8.0,4.32,3.53,3.728,3.0,64.0,1.6299999999999997,0.0,0.0,0.0,16.0,2.1,394.05,2,0,1,12.0,12.0,256.0,256.0
126,nubia z70s ultra,6.85,AMOLED,1,6600.0,19990000.0,nubia,Android,15.0,3336910.0,4320.0,Snapdragon,8 Elite,Adreno,830,144.0,8.0,4.32,3.53,3.728,3.0,64.0,1.6999999999999997,0.0,1.0,1.0,16.0,2.1,395.2,2,0,1,12.0,12.0,256.0,256.0
127,oppo a1,6.72,IPS LCD,0,5000.0,7757286.611136219,oppo,Android,13.0,592489.0,2200.0,Snapdragon,695,Adreno,619,120.0,8.0,2.2,1.8,1.9,2.0,50.0,1.8,0.0,0.0,1.0,8.0,2.0,391.6,1,0,0,8.0,8.0,256.0,256.0
128,oppo a1 pro,6.7,AMOLED,1,5000.0,6592049.340860613,oppo,Android,12.0,592489.0,2200.0,Snapdragon,695,Adreno,619,120.0,8.0,2.2,1.8,1.9,2.0,108.0,2.4,0.0,0.0,1.0,16.0,2.0,392.8,1,0,0,6.0,6.0,128.0,128.0
129,oppo a18,6.56,IPS LCD,0,5000.0,2890000.0,oppo,Android,13.0,349222.0,2000.0,MediaTek,G85,Mali,G52,90.0,8.0,2.0,1.8,1.85,2.0,8.0,1.8,0.0,0.0,0.0,5.0,2.0,269.1,1,0,1,4.0,4.0,64.0,64.0
130,oppo a1x,6.56,IPS LCD,0,5000.0,5105427.994497871,oppo,Android,12.0,515647.0,2200.0,MediaTek,700,Mali,G57,90.0,8.0,2.2,2.0,2.05,2.0,13.0,2.2,0.0,0.0,1.0,8.0,2.2,269.1,1,0,0,6.0,6.0,128.0,128.0
131,oppo a2,6.72,IPS LCD,0,5000.0,9316983.819091506,oppo,Android,13.0,527185.0,2200.0,MediaTek,6020,Mali,G57,90.0,8.0,2.2,2.0,2.05,2.0,50.0,1.8,0.0,0.0,0.0,8.0,2.0,391.6,1,0,0,12.0,12.0,256.0,256.0
132,oppo a2 pro,6.7,AMOLED,1,5000.0,7898612.980891988,oppo,Android,13.0,802497.0,2600.0,MediaTek,7050,Mali,G68,120.0,8.0,2.6,2.0,2.15,2.0,64.0,1.6999999999999997,0.0,0.0,0.0,8.0,2.0,394.4,1,0,0,8.0,8.0,256.0,256.0
133,oppo a2m,6.56,IPS LCD,0,5000.0,9271612.299020309,oppo,Android,13.0,527185.0,2200.0,MediaTek,6020,Mali,G57,90.0,8.0,2.2,2.0,2.05,1.0,13.0,2.2,0.0,0.0,0.0,5.0,2.2,399.9,0,0,0,12.0,12.0,256.0,256.0
134,oppo a2x,6.56,IPS LCD,0,5000.0,4792505.785054701,oppo,Android,13.0,527185.0,2200.0,MediaTek,6020,Mali,G57,90.0,8.0,2.2,2.0,2.05,1.0,13.0,2.2,0.0,0.0,0.0,5.0,2.2,269.1,1,0,0,6.0,6.0,128.0,128.0
135,oppo a3,6.67,LCD,0,5100.0,5780000.0,oppo,Android,14.0,765609.0,2400.0,Snapdragon,6,Other,Unknown,90.0,8.0,2.4,1.95,2.15,1.0,50.0,1.8,0.0,0.0,0.0,5.0,2.2,263.6,1,0,1,6.0,8.0,128.0,256.0
136,oppo a31,6.5,IPS LCD,0,4230.0,4190000.0,oppo,Android,9.0,199111.0,2300.0,MediaTek,P35,PowerVR,GE8320,120.0,8.0,2.3,1.8,2.05,3.0,12.0,1.8,0.0,0.0,0.0,8.0,2.2,269.9,1,0,1,4.0,4.0,128.0,128.0
137,oppo a32,6.5,IPS LCD,0,5000.0,4014077.1656121295,oppo,Android,10.0,251428.0,1800.0,Snapdragon,460,Adreno,610,90.0,8.0,1.8,1.8,1.8,3.0,13.0,2.0,0.0,0.0,1.0,16.0,2.0,269.9,1,0,0,4.0,4.0,64.0,64.0
138,oppo a3x,6.67,LCD,0,5100.0,4210000.0,oppo,Android,13.0,765609.0,2400.0,Snapdragon,6,Other,Unknown,90.0,8.0,2.4,1.95,2.15,1.0,8.0,2.0,0.0,0.0,0.0,5.0,2.2,263.6,2,0,1,6.0,6.0,128.0,128.0
139,oppo a52,6.5,IPS LCD,0,5000.0,4990000.0,oppo,Android,10.0,323556.0,2000.0,Snapdragon,665,Adreno,610,120.0,8.0,2.0,1.8,1.9,4.0,12.0,1.6999999999999997,0.0,0.0,1.0,16.0,2.0,411.2,1,0,1,6.0,6.0,128.0,128.0
140,oppo a58,6.56,Other,0,5000.0,7884449.152480673,oppo,Android,12.0,515647.0,2200.0,MediaTek,700,Mali,G57,90.0,8.0,2.2,2.0,2.05,2.0,50.0,2.0,0.0,0.0,0.0,8.0,2.2,269.1,0,0,0,6.0,8.0,128.0,256.0
141,oppo a5i,6.67,LCD,0,5100.0,3290000.0,oppo,Android,13.0,765609.0,2400.0,Snapdragon,6,Other,Unknown,90.0,8.0,2.4,1.95,2.15,1.0,8.0,2.0,0.0,0.0,0.0,5.0,2.2,263.6,1,0,1,4.0,4.0,64.0,128.0
142,oppo a5i pro,6.67,LCD,1,6000.0,6290000.0,oppo,Android,15.0,765609.0,2400.0,Snapdragon,6,Other,Unknown,90.0,8.0,2.4,1.95,2.15,2.0,50.0,1.82,0.0,0.0,0.0,5.0,2.2,263.6,1,0,1,8.0,8.0,128.0,128.0
143,oppo a6 pro,6.57,AMOLED,1,7000.0,9290000.0,oppo,Android,15.0,570469.0,2200.0,MediaTek,G100,Mali,G57,120.0,8.0,2.2,2.0,2.05,2.0,50.0,1.8,0.0,0.0,0.0,16.0,2.4,396.7,2,0,1,8.0,8.0,128.0,256.0
144,oppo a6t,6.75,LCD,1,6100.0,5490000.0,oppo,Android,15.0,461236.0,2800.0,Snapdragon,685,Adreno,610,120.0,8.0,2.8,1.9,2.35,1.0,13.0,2.2,0.0,0.0,0.0,5.0,2.2,394.05,2,0,1,4.0,6.0,64.0,256.0
145,oppo a77,6.56,IPS LCD,1,5000.0,4723864.078770382,oppo,Android,12.0,569913.0,2400.0,MediaTek,810,Mali,G57,90.0,8.0,2.4,2.0,2.1,2.0,48.0,1.6999999999999997,0.0,0.0,0.0,8.0,2.0,269.1,1,0,0,6.0,6.0,128.0,128.0
146,oppo a79,6.72,Other,1,5000.0,7060000.0,oppo,Android,13.0,527185.0,2200.0,MediaTek,6020,Mali,G57,90.0,8.0,2.2,2.0,2.05,2.0,50.0,1.8,0.0,0.0,0.0,8.0,2.0,391.6,1,0,1,8.0,8.0,256.0,256.0
147,oppo a92,6.5,IPS LCD,0,5000.0,5740000.0,oppo,Android,10.0,323556.0,2000.0,Snapdragon,665,Adreno,610,120.0,8.0,2.0,1.8,1.9,4.0,48.0,1.6999999999999997,0.0,0.0,1.0,16.0,2.0,404.9,1,0,1,8.0,8.0,128.0,128.0
148,oppo a97,6.56,IPS LCD,0,5000.0,6633481.781758214,oppo,Android,12.0,419670.0,1850.0,Other,Unknown,PowerVR,GT7600,90.0,2.0,1.85,1.85,1.85,2.0,50.0,1.8,0.0,0.0,1.0,8.0,2.0,402.9,1,0,0,8.0,8.0,256.0,256.0
149,oppo a98,6.6,AMOLED,0,5000.0,6868435.719360767,oppo,Android,13.0,780000.0,2400.0,Snapdragon,778G,Adreno,642,120.0,8.0,2.4,1.8,2.1,2.0,48.0,1.8,0.0,0.0,0.0,16.0,2.2,399.9,0,0,0,8.0,8.0,128.0,128.0
150,oppo f17,6.44,AMOLED,0,4000.0,8867009.661847567,oppo,Android,10.0,320666.0,2000.0,Snapdragon,662,Adreno,610,120.0,8.0,2.0,1.8,1.9,4.0,16.0,2.2,0.0,0.0,1.0,16.0,2.0,408.7,1,0,0,4.0,4.0,128.0,128.0
151,oppo f23,6.72,Other,0,5000.0,7757286.611136219,oppo,Android,13.0,592489.0,2200.0,Snapdragon,695,Adreno,619,120.0,8.0,2.2,1.8,1.9,3.0,64.0,1.6999999999999997,0.0,0.0,0.0,32.0,2.4,391.6,1,0,0,8.0,8.0,256.0,256.0
152,oppo f27 pro plus,6.7,Other,1,5000.0,11727602.673058642,oppo,Android,13.0,419670.0,1850.0,Other,Unknown,PowerVR,GT7600,120.0,2.0,1.85,1.85,1.85,2.0,50.0,1.8,0.0,0.0,0.0,8.0,2.1,395.2,0,0,0,12.0,12.0,256.0,256.0
153,oppo find n,7.1,AMOLED,1,4500.0,15945834.002065765,oppo,Android,11.0,1118041.0,2840.0,Snapdragon,888,Adreno,660,120.0,8.0,2.84,1.8,2.163,3.0,50.0,1.8,0.0,1.0,1.0,32.0,2.4,395.2,1,0,0,8.0,8.0,256.0,256.0
154,oppo find n2,7.0,AMOLED,1,4520.0,19373266.269349,oppo,Android,13.0,1411891.0,3200.0,Snapdragon,8 Plus Gen 1,Adreno,730,120.0,8.0,3.2,2.0,2.431,3.0,50.0,1.8,0.0,1.0,1.0,32.0,2.4,375.5,1,0,0,12.0,12.0,256.0,256.0
155,oppo find n3,7.82,OLED,1,4805.0,26990000.0,oppo,Android,13.0,1752044.0,3200.0,Snapdragon,8 Gen 2,Adreno,740,120.0,8.0,3.2,2.0,2.55,3.0,64.0,1.6999999999999997,0.0,1.0,1.0,32.0,2.2,426.0,2,1,1,16.0,16.0,512.0,512.0
156,oppo find n3 flip,6.8,AMOLED,1,4300.0,13990000.0,oppo,Android,13.0,1755232.0,3050.0,MediaTek,9200,Mali,G715,120.0,8.0,3.05,1.8,2.35,3.0,50.0,1.8,0.0,1.0,1.0,32.0,2.4,403.2,1,0,1,12.0,12.0,256.0,256.0
157,oppo find n5,8.12,AMOLED,1,5600.0,44180000.0,oppo,Android,15.0,3336910.0,4320.0,Snapdragon,8 Elite,Adreno,830,120.0,8.0,4.32,3.53,3.728,3.0,50.0,1.8,1.0,1.0,1.0,8.0,2.4,395.2,2,1,1,16.0,16.0,512.0,512.0
158,oppo find n6,8.12,AMOLED,1,6000.0,64990000.0,oppo,Android,13.0,3932243.0,4610.0,Snapdragon,8 Elite Gen 5,Adreno,840,120.0,8.0,4.61,3.63,3.875,4.0,200.0,1.8,0.0,1.0,1.0,20.0,2.2,395.2,2,1,1,16.0,16.0,512.0,512.0
159,oppo find x5 pro,6.7,AMOLED,1,5000.0,12990000.0,oppo,Android,12.0,1294632.0,3000.0,Snapdragon,8 Gen 1,Adreno,730,120.0,8.0,3.0,1.8,2.212,3.0,50.0,1.6999999999999997,0.0,1.0,1.0,32.0,2.4,525.9,1,0,1,12.0,12.0,256.0,256.0
160,oppo find x7,6.7,Other,0,5000.0,6374933.038795721,oppo,Android,13.0,419670.0,1850.0,Other,Unknown,PowerVR,GT7600,120.0,2.0,1.85,1.85,1.85,2.0,50.0,1.8,0.0,0.0,0.0,8.0,2.1,395.2,0,0,0,8.0,8.0,128.0,128.0
161,oppo find x7 ultra,6.7,Other,0,5000.0,6374933.038795721,oppo,Android,13.0,419670.0,1850.0,Other,Unknown,PowerVR,GT7600,120.0,2.0,1.85,1.85,1.85,2.0,50.0,1.8,0.0,0.0,0.0,8.0,2.1,395.2,0,0,0,8.0,8.0,128.0,128.0
162,oppo find x8,6.59,AMOLED,1,5630.0,19490000.0,oppo,Android,15.0,2825187.0,3620.0,MediaTek,9400,Mali,G925,120.0,8.0,3.62,2.4,2.89,3.0,50.0,1.8,1.0,1.0,1.0,32.0,2.4,460.1,2,1,1,16.0,16.0,512.0,512.0
163,oppo find x8 mini,6.3,OLED,0,5600.0,22191994.77109844,oppo,Android,13.0,2825187.0,3620.0,MediaTek,9400,Mali,G925,120.0,8.0,3.62,2.4,2.89,3.0,50.0,1.8,0.0,1.0,1.0,32.0,2.4,458.1,0,0,0,12.0,12.0,256.0,256.0
164,oppo find x8 pro,6.78,AMOLED,0,5910.0,20851620.695127252,oppo,Android,15.0,2825187.0,3620.0,MediaTek,9400,Mali,G925,120.0,8.0,3.62,2.4,2.89,3.0,50.0,1.8,0.0,1.0,1.0,32.0,2.4,394.05,0,0,0,16.0,16.0,512.0,512.0
165,oppo find x8 ultra,6.7,Other,0,6100.0,8959878.04137675,oppo,Android,13.0,419670.0,1850.0,Other,Unknown,PowerVR,GT7600,120.0,2.0,1.85,1.85,1.85,2.0,50.0,1.8,0.0,0.0,0.0,8.0,2.1,395.2,0,0,0,8.0,8.0,128.0,128.0
166,oppo find x9,6.59,AMOLED,1,7025.0,26990000.0,oppo,Android,16.0,3508681.0,4210.0,MediaTek,9500,Mali,G1,120.0,8.0,4.21,2.7,3.189,4.0,50.0,1.67,1.0,1.0,1.0,32.0,2.4,460.1,2,1,1,12.0,16.0,256.0,512.0
167,oppo find x9 pro,6.78,AMOLED,1,7500.0,32990000.0,oppo,Android,16.0,3508681.0,4210.0,MediaTek,9500,Mali,G1,120.0,8.0,4.21,2.7,3.189,4.0,200.0,1.67,1.0,1.0,1.0,50.0,2.0,394.05,2,1,1,16.0,16.0,512.0,512.0
168,oppo find x9 ultra,6.82,AMOLED,1,7050.0,49990000.0,oppo,Android,13.0,3932243.0,4610.0,Snapdragon,8 Elite Gen 5,Adreno,840,120.0,8.0,4.61,3.63,3.875,5.0,200.0,1.6999999999999997,1.0,1.0,1.0,50.0,2.2,510.3,2,1,1,12.0,12.0,512.0,512.0
169,oppo find x9s,6.59,AMOLED,1,7025.0,24990000.0,oppo,Android,13.0,3041307.0,3730.0,MediaTek,9500S,Mali,G925,120.0,8.0,3.73,2.4,2.904,3.0,50.0,1.8,0.0,1.0,1.0,32.0,2.2,460.1,2,1,1,12.0,12.0,256.0,256.0
170,oppo k10 pro,6.62,AMOLED,1,5000.0,8763098.211183207,oppo,Android,12.0,1118041.0,2840.0,Snapdragon,888,Adreno,660,120.0,8.0,2.84,1.8,2.163,3.0,50.0,1.8,0.0,0.0,1.0,16.0,2.5,397.6,1,0,0,8.0,8.0,128.0,128.0
171,oppo k10x,6.59,IPS LCD,0,5000.0,6999103.994374431,oppo,Android,12.0,592489.0,2200.0,Snapdragon,695,Adreno,619,144.0,8.0,2.2,1.8,1.9,3.0,64.0,1.8,0.0,0.0,1.0,16.0,2.0,401.0,1,0,0,6.0,6.0,128.0,128.0
172,oppo k11,6.7,AMOLED,1,4870.0,7542928.839886443,oppo,Android,13.0,806420.0,2700.0,Snapdragon,782G,Adreno,642,120.0,8.0,2.7,1.8,2.138,3.0,50.0,1.8,0.0,0.0,0.0,16.0,2.2,394.6,0,0,0,8.0,8.0,256.0,256.0
173,oppo k11x,6.72,IPS LCD,0,5000.0,7900608.996329028,oppo,Android,13.0,592489.0,2200.0,Snapdragon,695,Adreno,619,120.0,8.0,2.2,1.8,1.9,2.0,108.0,1.8,0.0,0.0,1.0,16.0,2.4,391.6,1,0,0,8.0,8.0,128.0,128.0
174,oppo k9 pro,6.43,AMOLED,0,4500.0,12520046.228383416,oppo,Android,11.0,980006.0,3000.0,MediaTek,1200,Mali,G77,120.0,8.0,3.0,2.0,2.35,3.0,64.0,1.8,0.0,0.0,0.0,16.0,2.2,409.3,0,0,0,8.0,8.0,128.0,128.0
175,oppo k9s,6.59,IPS LCD,0,5000.0,4928647.328530047,oppo,Android,11.0,780000.0,2400.0,Snapdragon,778G,Adreno,642,120.0,8.0,2.4,1.8,2.1,3.0,64.0,1.8,0.0,0.0,1.0,16.0,2.4,399.9,1,0,0,4.0,4.0,128.0,128.0
176,oppo k9x,6.5,IPS LCD,0,5000.0,4784163.082684352,oppo,Android,11.0,569913.0,2400.0,MediaTek,810,Mali,G57,90.0,8.0,2.4,2.0,2.1,3.0,64.0,1.8,0.0,0.0,1.0,16.0,2.4,404.9,1,0,0,6.0,6.0,128.0,128.0
177,oppo phf110,6.72,IPS LCD,0,5000.0,7900608.996329028,oppo,Android,13.0,592489.0,2200.0,Snapdragon,695,Adreno,619,120.0,8.0,2.2,1.8,1.9,2.0,108.0,1.8,0.0,0.0,0.0,16.0,2.0,394.6,0,0,0,8.0,8.0,128.0,128.0
178,oppo reno 11 a,6.7,Other,0,5000.0,11727602.673058642,oppo,Android,14.0,419670.0,1850.0,Other,Unknown,PowerVR,GT7600,120.0,2.0,1.85,1.85,1.85,2.0,50.0,1.8,0.0,0.0,0.0,8.0,2.1,395.2,0,0,0,12.0,12.0,256.0,256.0
179,oppo reno10,6.7,AMOLED,1,5000.0,8490000.0,oppo,Android,13.0,802497.0,2600.0,MediaTek,7050,Mali,G68,120.0,8.0,2.6,2.0,2.15,3.0,64.0,1.6999999999999997,0.0,1.0,1.0,32.0,2.4,394.4,1,0,1,8.0,8.0,256.0,256.0
180,oppo reno10 pro,6.74,AMOLED,1,4700.0,10490000.0,oppo,Android,13.0,1411891.0,3200.0,Snapdragon,8 Plus Gen 1,Adreno,730,120.0,8.0,3.2,2.0,2.431,3.0,64.0,2.2,0.0,1.0,1.0,32.0,2.4,450.5,1,0,1,12.0,12.0,256.0,256.0
181,oppo reno12,6.7,AMOLED,1,5000.0,8990000.0,oppo,Android,14.0,877329.0,2500.0,MediaTek,7300,Mali,G615,120.0,8.0,2.5,2.0,2.25,3.0,50.0,1.8,0.0,0.0,1.0,32.0,2.4,394.6,0,0,1,12.0,12.0,256.0,256.0
182,oppo reno12 f,6.7,AMOLED,1,5000.0,7120000.0,oppo,Android,14.0,532738.0,2400.0,MediaTek,6300,Mali,G57,120.0,8.0,2.4,2.0,2.1,3.0,50.0,1.8,0.0,0.0,1.0,32.0,2.0,394.6,0,0,1,8.0,8.0,256.0,256.0
183,oppo reno12 f -,6.7,OLED,1,5000.0,9172342.445533933,oppo,Android,14.0,532738.0,2400.0,MediaTek,6300,Mali,G57,120.0,8.0,2.4,2.0,2.1,3.0,50.0,1.8,0.0,0.0,1.0,32.0,2.0,394.6,0,0,0,12.0,12.0,256.0,256.0
184,oppo reno13 f,6.67,AMOLED,1,5800.0,8530000.0,oppo,Android,15.0,570469.0,2200.0,MediaTek,G100,Mali,G57,120.0,8.0,2.2,2.0,2.05,3.0,50.0,1.8,0.0,0.0,1.0,32.0,2.4,394.6,1,0,1,8.0,12.0,256.0,256.0
185,oppo reno13f -,6.7,Other,0,5000.0,6374933.038795721,oppo,Android,13.0,419670.0,1850.0,Other,Unknown,PowerVR,GT7600,120.0,2.0,1.85,1.85,1.85,2.0,50.0,1.8,0.0,0.0,0.0,8.0,2.1,395.2,0,0,0,8.0,12.0,128.0,512.0
186,oppo reno13f - -,6.67,AMOLED,1,5800.0,7866505.848900069,oppo,Android,15.0,570469.0,2200.0,MediaTek,G100,Mali,G57,120.0,8.0,2.2,2.0,2.05,3.0,50.0,1.8,0.0,0.0,1.0,32.0,2.4,394.6,2,0,0,8.0,8.0,128.0,128.0
187,oppo reno14,6.59,AMOLED,1,6000.0,15500000.0,oppo,Android,15.0,1718082.0,3350.0,MediaTek,8350,Mali,G615,120.0,8.0,3.35,2.2,2.719,3.0,50.0,1.8,1.0,1.0,1.0,50.0,2.0,460.1,2,0,1,12.0,12.0,256.0,256.0
188,oppo reno14 f,6.57,AMOLED,1,6000.0,10100000.0,oppo,Android,15.0,733620.0,2200.0,Snapdragon,6 Gen 1,Adreno,710,120.0,8.0,2.2,1.8,2.0,3.0,50.0,1.8,1.0,0.0,1.0,32.0,2.0,396.7,2,0,1,8.0,8.0,256.0,256.0
189,oppo reno15,6.59,AMOLED,1,6500.0,16990000.0,oppo,Android,13.0,765609.0,2400.0,Snapdragon,7,Other,Unknown,120.0,8.0,2.4,1.95,2.15,3.0,50.0,1.8,1.0,1.0,1.0,50.0,2.0,460.1,2,1,1,12.0,12.0,256.0,256.0
190,oppo reno15 f,6.57,AMOLED,1,7000.0,11990000.0,oppo,Android,13.0,733620.0,2200.0,Snapdragon,6 Gen 1,Adreno,710,120.0,8.0,2.2,1.8,2.0,3.0,50.0,1.8,1.0,0.0,1.0,50.0,2.0,396.7,2,0,1,8.0,8.0,256.0,256.0
191,oppo reno8,6.4,AMOLED,1,4500.0,13990000.0,oppo,Android,12.0,954090.0,3000.0,MediaTek,1300,Mali,G77,90.0,8.0,3.0,2.0,2.35,3.0,50.0,1.8,0.0,0.0,0.0,32.0,2.4,411.2,1,0,1,8.0,8.0,256.0,256.0
192,oppo reno8 t,6.4,AMOLED,1,5000.0,6290000.0,oppo,Android,13.0,547830.0,2200.0,MediaTek,G99,Mali,G57,90.0,8.0,2.2,2.0,2.05,3.0,100.0,1.8,0.0,0.0,0.0,32.0,2.35,411.2,1,0,1,8.0,8.0,256.0,256.0
193,oppo reno9 lite,6.55,AMOLED,0,5000.0,11613137.319833774,oppo,Android,13.0,980006.0,3000.0,MediaTek,1200,Mali,G77,90.0,8.0,3.0,2.0,2.35,3.0,64.0,1.8,0.0,0.0,0.0,16.0,2.2,399.9,0,0,0,8.0,8.0,128.0,128.0
194,oppo reno9 pro,6.75,OLED,1,4600.0,10661280.525477994,oppo,Android,13.0,1208784.0,2995.0,Snapdragon,888 Plus,Adreno,660,120.0,8.0,2.995,1.8,2.182,4.0,64.0,1.9000000000000001,0.0,1.0,1.0,13.0,2.2,391.0,0,0,0,12.0,12.0,128.0,128.0
195,oppo reno9 pro plus,6.7,AMOLED,1,4500.0,14028428.442030262,oppo,Android,13.0,1409448.0,3050.0,MediaTek,9000,Mali,G710,120.0,8.0,3.05,1.8,2.35,3.0,50.0,1.8,0.0,1.0,1.0,32.0,2.4,394.6,0,0,0,12.0,12.0,128.0,128.0
196,oppo reno9 z,6.5,AMOLED,0,5000.0,7821339.020412632,oppo,Android,13.0,780000.0,2400.0,Snapdragon,778G,Adreno,642,90.0,8.0,2.4,1.8,2.1,4.0,64.0,1.8,0.0,0.0,0.0,32.0,2.2,396.5,0,0,0,8.0,8.0,128.0,128.0
197,realme 10,6.4,AMOLED,1,5000.0,6106470.7659947,realme,Android,12.0,547830.0,2200.0,MediaTek,G99,Mali,G57,90.0,8.0,2.2,2.0,2.05,2.0,50.0,1.8,0.0,0.0,0.0,16.0,2.5,411.2,1,0,0,8.0,8.0,256.0,256.0
198,realme 10 pro plus,6.7,AMOLED,1,5000.0,4509838.579923102,realme,Android,12.0,722902.0,2600.0,MediaTek,1080,Mali,G68,120.0,8.0,2.6,2.0,2.15,3.0,108.0,2.4,0.0,0.0,1.0,16.0,2.4,392.8,1,0,0,6.0,6.0,64.0,64.0
199,realme 11x,6.72,IPS LCD,0,5000.0,5558740.676747164,realme,Android,12.0,513180.0,2200.0,MediaTek,6100 Plus,Mali,G57,120.0,8.0,2.2,2.0,2.05,2.0,100.0,1.8,0.0,0.0,0.0,16.0,2.2,394.6,0,0,0,6.0,6.0,128.0,128.0
200,realme 12 pro,6.7,IPS LCD,1,5000.0,13061519.512691604,realme,Android,12.0,1285461.0,2910.0,Snapdragon,7 Plus Gen 2,Adreno,725,144.0,8.0,2.91,1.8,2.198,3.0,108.0,2.0,0.0,0.0,0.0,32.0,2.5,394.6,0,0,0,16.0,16.0,128.0,128.0
201,realme 12 pro plus,6.7,AMOLED,1,5000.0,13286795.297117533,realme,Android,12.0,1411891.0,3200.0,Snapdragon,8 Plus Gen 1,Adreno,730,120.0,8.0,3.2,2.0,2.431,3.0,108.0,1.8,0.0,0.0,0.0,32.0,2.4,394.6,0,0,0,8.0,8.0,128.0,128.0
202,realme 13,6.67,OLED,1,5000.0,6590000.0,realme,Android,14.0,765609.0,2400.0,MediaTek,7300,Other,Unknown,120.0,8.0,2.4,1.95,2.15,2.0,50.0,1.8,1.0,0.0,0.0,16.0,2.4,394.6,2,0,1,8.0,8.0,256.0,256.0
203,realme 9 pro,6.6,IPS LCD,0,5000.0,7990000.0,realme,Android,12.0,592489.0,2200.0,Snapdragon,695,Adreno,619,120.0,8.0,2.2,1.8,1.9,3.0,64.0,1.79,0.0,0.0,1.0,16.0,2.0,400.4,1,0,1,8.0,8.0,128.0,128.0
204,realme c30,6.5,IPS LCD,0,5000.0,2405362.4373455415,realme,Android,11.0,341088.0,1800.0,Unisoc,T612,Mali,G57,120.0,8.0,1.8,1.8,1.8,1.0,8.0,2.0,0.0,0.0,0.0,5.0,2.2,269.9,1,0,0,2.0,2.0,32.0,32.0
205,realme c33,6.5,IPS LCD,0,5000.0,2190000.0,realme,Android,12.0,765609.0,2400.0,Unisoc,Unknown,Other,Unknown,60.0,8.0,2.4,1.95,2.15,2.0,50.0,1.8,0.0,0.0,0.0,5.0,2.0,269.9,1,0,1,4.0,4.0,64.0,64.0
206,realme c55,6.7,Other,0,5000.0,6417775.234059284,realme,Android,12.0,419670.0,1850.0,Other,Unknown,PowerVR,GT7600,90.0,2.0,1.85,1.85,1.85,2.0,50.0,1.8,0.0,0.0,0.0,8.0,2.1,395.2,0,0,0,8.0,8.0,128.0,128.0
207,realme c60,6.74,IPS LCD,0,5000.0,2390000.0,realme,Android,13.0,765609.0,2400.0,Unisoc,Unknown,Other,Unknown,90.0,8.0,2.4,1.95,2.15,1.0,3.0,1.8,0.0,0.0,0.0,5.0,2.0,260.3,1,0,1,4.0,4.0,64.0,64.0
208,realme c67,6.72,IPS LCD,0,5000.0,6266770.200519546,realme,Android,14.0,461236.0,2800.0,Snapdragon,685,Adreno,610,90.0,8.0,2.8,1.9,2.35,2.0,108.0,1.82,0.0,0.0,0.0,8.0,2.05,391.6,1,0,0,8.0,8.0,256.0,256.0
209,realme c75 -,6.7,Other,0,5000.0,6349575.204474776,realme,Android,12.0,419670.0,1850.0,Other,Unknown,PowerVR,GT7600,120.0,2.0,1.85,1.85,1.85,2.0,50.0,1.8,0.0,0.0,0.0,8.0,2.1,395.2,0,0,0,8.0,8.0,128.0,128.0
210,realme c75x -,6.7,Other,0,5000.0,6349575.204474776,realme,Android,12.0,419670.0,1850.0,Other,Unknown,PowerVR,GT7600,120.0,2.0,1.85,1.85,1.85,2.0,50.0,1.8,0.0,0.0,0.0,8.0,2.1,395.2,0,0,0,8.0,8.0,128.0,128.0
211,realme gt 5 pro,6.74,AMOLED,1,4700.0,17309881.25275044,realme,Android,12.0,2341391.0,3300.0,Snapdragon,8 Gen 3,Adreno,750,144.0,8.0,3.3,2.27,2.901,3.0,200.0,1.8,0.0,0.0,0.0,32.0,2.0,450.5,0,0,0,8.0,8.0,256.0,256.0
212,realme gt 5 pro se,6.74,OLED,1,4700.0,17309881.25275044,realme,Android,12.0,2341391.0,3300.0,Snapdragon,8 Gen 3,Adreno,750,144.0,8.0,3.3,2.27,2.901,3.0,50.0,1.8,0.0,0.0,0.0,16.0,2.0,450.5,0,0,0,8.0,8.0,256.0,256.0
213,realme gt neo 5 se,6.74,OLED,1,5500.0,11418527.085213259,realme,Android,13.0,1285461.0,2910.0,Snapdragon,7 Plus Gen 2,Adreno,725,144.0,8.0,2.91,1.8,2.198,3.0,64.0,1.8,0.0,0.0,1.0,16.0,2.5,450.5,1,0,0,8.0,8.0,256.0,256.0
214,realme gt neo 6,6.7,Other,1,5500.0,14895646.77534024,realme,Android,12.0,419670.0,1850.0,Other,Unknown,PowerVR,GT7600,120.0,2.0,1.85,1.85,1.85,2.0,50.0,1.8,0.0,0.0,0.0,8.0,2.1,395.2,0,0,0,12.0,12.0,128.0,128.0
215,realme gt3,6.74,AMOLED,1,4600.0,12165969.800451955,realme,Android,13.0,1411891.0,3200.0,Snapdragon,8 Plus Gen 1,Adreno,730,144.0,8.0,3.2,2.0,2.431,3.0,50.0,1.9000000000000001,0.0,0.0,1.0,16.0,2.5,450.5,1,0,0,8.0,8.0,128.0,128.0
216,realme narzo 50,6.6,IPS LCD,0,5000.0,3424078.1661690627,realme,Android,11.0,493222.0,2050.0,MediaTek,G96,Mali,G57,120.0,8.0,2.05,2.0,2.013,3.0,50.0,1.8,0.0,0.0,1.0,16.0,2.1,400.4,1,0,0,4.0,4.0,64.0,64.0
217,realme narzo 50i,6.7,Other,0,5000.0,3090676.0886279834,realme,Android,12.0,419670.0,1850.0,Other,Unknown,PowerVR,GT7600,120.0,2.0,1.85,1.85,1.85,2.0,50.0,1.8,0.0,0.0,0.0,8.0,2.1,395.2,0,0,0,4.0,4.0,64.0,64.0
218,realme narzo 50i prime,6.5,IPS LCD,0,5000.0,2405362.4373455415,realme,Android,11.0,341088.0,1800.0,Unisoc,T612,Mali,G57,120.0,8.0,1.8,1.8,1.8,1.0,8.0,2.0,0.0,0.0,1.0,5.0,2.2,269.9,1,0,0,3.0,3.0,32.0,32.0
219,realme narzo 9i,6.6,Other,1,5000.0,3139621.192191928,realme,Android,12.0,415362.0,2400.0,Snapdragon,680,Adreno,610,90.0,8.0,2.4,1.9,2.15,3.0,50.0,1.8,0.0,0.0,0.0,8.0,2.2,399.9,1,0,0,4.0,4.0,64.0,64.0
220,realme narzo n53,6.74,Other,0,5000.0,2917965.3228577115,realme,Android,13.0,419670.0,1850.0,Other,Unknown,PowerVR,GT7600,90.0,2.0,1.85,1.85,1.85,1.0,50.0,1.8,0.0,0.0,0.0,8.0,2.1,390.5,1,0,0,4.0,4.0,64.0,64.0
221,realme narzo n55,6.7,Other,0,5000.0,3090676.0886279834,realme,Android,12.0,419670.0,1850.0,Other,Unknown,PowerVR,GT7600,120.0,2.0,1.85,1.85,1.85,2.0,50.0,1.8,0.0,0.0,0.0,8.0,2.1,395.2,0,0,0,4.0,4.0,64.0,64.0
222,realme note 60,6.74,IPS LCD,0,5000.0,2490000.0,realme,Android,14.0,765609.0,2400.0,Unisoc,Unknown,Other,Unknown,90.0,8.0,2.4,1.95,2.15,1.0,32.0,1.8,0.0,0.0,0.0,5.0,2.0,260.3,2,0,1,4.0,4.0,64.0,64.0
223,realme note 9 prime,6.7,Other,0,5000.0,3090676.0886279834,realme,Android,11.0,419670.0,1850.0,Other,Unknown,PowerVR,GT7600,120.0,2.0,1.85,1.85,1.85,2.0,50.0,1.8,0.0,0.0,0.0,8.0,2.1,395.2,0,0,0,4.0,4.0,64.0,64.0
224,realme v20,6.5,Other,0,5000.0,4036834.2231802694,realme,Android,12.0,515647.0,2200.0,MediaTek,700,Mali,G57,90.0,8.0,2.2,2.0,2.05,1.0,13.0,2.0,0.0,0.0,0.0,5.0,2.2,269.9,0,0,0,4.0,4.0,128.0,128.0
225,realme v30,6.51,Other,0,5000.0,3062449.838363516,realme,Android,13.0,419670.0,1850.0,Other,Unknown,PowerVR,GT7600,120.0,2.0,1.85,1.85,1.85,1.0,13.0,1.8,0.0,0.0,0.0,5.0,2.1,269.5,0,0,0,4.0,4.0,64.0,64.0
226,realme v30t,6.5,IPS LCD,0,5000.0,6718317.856749132,realme,Android,12.0,515647.0,2200.0,MediaTek,700,Mali,G57,90.0,8.0,2.2,2.0,2.05,2.0,13.0,2.0,0.0,0.0,0.0,5.0,2.2,396.5,0,0,0,8.0,8.0,128.0,128.0
227,realme x3 pro,6.6,IPS LCD,0,4200.0,9691376.545884876,realme,Android,10.0,859084.0,2960.0,Snapdragon,855 Plus,Adreno,640,120.0,8.0,2.96,1.8,2.178,4.0,64.0,1.8,1.0,1.0,1.0,32.0,2.2,398.8,1,0,0,12.0,12.0,256.0,256.0
228,realme x7 pro,6.55,AMOLED,1,4500.0,14123465.565270994,realme,Android,10.0,708890.0,2600.0,MediaTek,1000 Plus,Mali,G77,120.0,8.0,2.6,2.0,2.3,4.0,64.0,1.8,0.0,0.0,1.0,32.0,2.2,401.8,1,0,0,8.0,8.0,256.0,256.0
229,realme 9 se,6.6,IPS LCD,0,5000.0,5799442.764370922,realme,Android,11.0,780000.0,2400.0,Snapdragon,778G,Adreno,642,144.0,8.0,2.4,1.8,2.1,3.0,48.0,1.8,0.0,0.0,1.0,16.0,2.1,400.4,1,0,0,6.0,6.0,128.0,128.0
230,red magic 7s pro,6.8,AMOLED,1,5000.0,16109980.85420906,nubia,Android,12.0,1411891.0,3200.0,Snapdragon,8 Plus Gen 1,Adreno,730,120.0,8.0,3.2,2.0,2.431,3.0,64.0,1.8,0.0,0.0,1.0,16.0,2.4,387.0,1,0,0,12.0,12.0,256.0,256.0
231,redmi 11a,6.53,IPS LCD,0,6000.0,3231653.739760406,nubia,Android,15.0,200794.0,2300.0,MediaTek,G35,PowerVR,GE8320,120.0,8.0,2.3,1.8,2.05,4.0,48.0,2.2,0.0,0.0,1.0,13.0,2.2,394.7,0,0,0,4.0,4.0,64.0,64.0
232,redmi k50 gaming,6.67,OLED,1,4700.0,17955902.939243797,nubia,Android,12.0,1294632.0,3000.0,Snapdragon,8 Gen 1,Adreno,730,120.0,8.0,3.0,1.8,2.212,3.0,64.0,1.9000000000000001,0.0,0.0,1.0,20.0,2.4,394.6,1,0,0,8.0,8.0,128.0,128.0
233,redmi k60 pro,6.66,OLED,1,5000.0,18120101.280962,nubia,Android,13.0,1752044.0,3200.0,Snapdragon,8 Gen 2,Adreno,740,120.0,8.0,3.2,2.0,2.55,3.0,54.0,1.9000000000000001,0.0,0.0,1.0,16.0,2.2,526.9,1,0,0,8.0,8.0,128.0,128.0
234,redmi k60 ultra,6.7,OLED,1,4700.0,17984928.899240147,nubia,Android,15.0,1294632.0,3000.0,Snapdragon,8 Gen 1,Adreno,730,120.0,8.0,3.0,1.8,2.212,3.0,108.0,1.8,0.0,0.0,1.0,32.0,2.2,450.2,0,0,0,8.0,8.0,128.0,128.0
235,redmi note 11 se,6.43,IPS LCD,1,5000.0,4128555.776648518,nubia,Android,11.0,534895.0,2050.0,MediaTek,G95,Mali,G76,90.0,8.0,2.05,2.0,2.013,4.0,64.0,1.9000000000000001,0.0,0.0,1.0,13.0,2.45,409.3,1,0,0,6.0,6.0,64.0,64.0
236,redmi note 13 pro,6.67,AMOLED,1,5100.0,6990000.0,nubia,Android,13.0,794701.0,2400.0,Snapdragon,7S Gen 2,Adreno,710,120.0,8.0,2.4,1.95,2.175,3.0,200.0,1.67,0.0,0.0,0.0,16.0,2.0,445.8,1,0,1,12.0,12.0,512.0,512.0
237,redmi turbo 5 max,6.7,OLED,0,9000.0,24800005.098191682,nubia,Android,16.0,3041307.0,3730.0,MediaTek,9500S,Mali,G925,120.0,8.0,3.73,2.4,2.904,2.0,50.0,1.8,1.0,0.0,0.0,32.0,2.2,395.2,0,0,0,16.0,16.0,256.0,256.0
238,samsung a06 -,6.7,Other,0,5000.0,3126918.083893279,samsung,Android,14.0,419670.0,1850.0,Other,Unknown,PowerVR,GT7600,120.0,2.0,1.85,1.85,1.85,2.0,50.0,1.8,0.0,0.0,0.0,8.0,2.1,395.2,0,0,0,4.0,6.0,64.0,128.0
239,samsung a26 -,6.7,Other,0,5000.0,6697763.714072749,samsung,Android,14.0,419670.0,1850.0,Other,Unknown,PowerVR,GT7600,120.0,2.0,1.85,1.85,1.85,2.0,50.0,1.8,0.0,0.0,0.0,8.0,2.1,395.2,0,0,0,8.0,8.0,256.0,256.0
240,samsung a36 -,6.7,Other,0,5000.0,11677733.372007973,samsung,Android,14.0,419670.0,1850.0,Other,Unknown,PowerVR,GT7600,120.0,2.0,1.85,1.85,1.85,2.0,50.0,1.8,0.0,0.0,0.0,8.0,2.1,395.2,0,0,0,8.0,12.0,256.0,256.0
241,samsung a56 -,6.7,Other,0,5000.0,11677733.372007973,samsung,Android,14.0,419670.0,1850.0,Other,Unknown,PowerVR,GT7600,120.0,2.0,1.85,1.85,1.85,2.0,50.0,1.8,0.0,0.0,0.0,8.0,2.1,395.2,0,0,0,12.0,12.0,256.0,256.0
242,samsung galaxy a05s,6.7,LCD,0,5000.0,3290000.0,samsung,Android,14.0,415362.0,2400.0,Snapdragon,680,Adreno,610,90.0,8.0,2.4,1.9,2.15,3.0,50.0,1.8,0.0,0.0,0.0,13.0,2.0,392.8,1,0,1,6.0,6.0,128.0,128.0
243,samsung galaxy a06,6.7,LCD,0,5000.0,2659102.5334321745,samsung,Android,14.0,349222.0,2000.0,MediaTek,G85,Mali,G52,60.0,8.0,2.0,1.8,1.85,2.0,50.0,1.8,0.0,0.0,0.0,8.0,2.0,261.9,2,0,0,4.0,4.0,64.0,128.0
244,samsung galaxy a06s,6.8,IPS LCD,0,6000.0,3907312.463173787,samsung,Android,14.0,353817.0,2000.0,MediaTek,G88,Mali,G52,90.0,8.0,2.0,1.8,1.85,3.0,13.0,1.9000000000000001,0.0,0.0,0.0,5.0,2.5,394.05,0,0,0,6.0,6.0,128.0,128.0
245,samsung galaxy a07,6.7,IPS LCD,0,5000.0,3190000.0,samsung,Android,15.0,547830.0,2200.0,MediaTek,G99,Mali,G57,90.0,8.0,2.2,2.0,2.05,2.0,50.0,1.8,0.0,0.0,0.0,8.0,2.35,261.9,2,0,1,4.0,8.0,128.0,256.0
246,samsung galaxy a13,6.6,IPS LCD,0,5000.0,4694152.206096513,samsung,Android,12.0,231906.0,2000.0,Exynos,850,Mali,G52,90.0,8.0,2.0,2.0,2.0,4.0,50.0,1.9000000000000001,0.0,0.0,0.0,8.0,2.2,265.8,1,0,0,6.0,6.0,128.0,128.0
247,samsung galaxy a14,6.6,IPS LCD,1,5000.0,2914763.98753213,samsung,Android,13.0,310388.0,2000.0,MediaTek,G80,Mali,G52,60.0,8.0,2.0,1.8,1.85,2.0,50.0,1.8,0.0,0.0,0.0,13.0,2.2,399.9,0,0,0,6.0,6.0,128.0,128.0
248,samsung galaxy a15,6.5,AMOLED,1,5000.0,7673532.486930401,samsung,Android,14.0,513180.0,2200.0,MediaTek,6100 Plus,Mali,G57,90.0,8.0,2.2,2.0,2.05,3.0,50.0,1.8,0.0,0.0,0.0,13.0,2.2,396.5,1,0,0,8.0,8.0,128.0,256.0
249,samsung galaxy a16,6.7,AMOLED,0,5000.0,6307404.970811452,samsung,Android,14.0,532738.0,2400.0,MediaTek,6300,Mali,G57,90.0,8.0,2.4,2.0,2.1,2.0,50.0,1.8,0.0,0.0,0.0,13.0,2.0,384.7,0,0,0,4.0,8.0,128.0,256.0
250,samsung galaxy a17,6.7,AMOLED,1,5000.0,5890000.0,samsung,Android,15.0,592392.0,2400.0,Exynos,1330,Mali,G68,90.0,8.0,2.4,2.0,2.1,3.0,50.0,1.8,0.0,0.0,0.0,13.0,2.0,384.7,2,0,1,8.0,8.0,128.0,128.0
251,samsung galaxy a21s,6.5,LCD,0,5000.0,4690000.0,samsung,Android,10.0,231906.0,2000.0,Exynos,850,Mali,G52,90.0,8.0,2.0,2.0,2.0,4.0,48.0,2.0,0.0,0.0,1.0,13.0,2.2,269.9,1,0,1,6.0,6.0,64.0,64.0
252,samsung galaxy a23,6.6,LCD,0,5000.0,3493647.345896899,samsung,Android,11.0,415362.0,2400.0,Snapdragon,680,Adreno,610,90.0,8.0,2.4,1.9,2.15,4.0,50.0,1.8,0.0,0.0,0.0,8.0,2.2,399.9,0,0,0,4.0,6.0,128.0,128.0
253,samsung galaxy a25,6.5,AMOLED,1,5000.0,4690000.0,samsung,Android,14.0,605067.0,2400.0,Exynos,1280,Mali,G68,120.0,8.0,2.4,2.0,2.1,3.0,50.0,1.8,0.0,0.0,0.0,13.0,2.2,396.5,1,0,1,6.0,6.0,128.0,128.0
254,samsung galaxy a26,6.7,AMOLED,1,5000.0,6690000.0,samsung,Android,15.0,765609.0,2400.0,Exynos,1380,Mali,G68,120.0,8.0,2.4,2.0,2.2,3.0,50.0,1.8,0.0,0.0,0.0,13.0,2.2,384.7,2,0,1,8.0,8.0,128.0,128.0
255,samsung galaxy a34,6.6,AMOLED,1,5000.0,7365718.074004902,samsung,Android,13.0,722902.0,2600.0,MediaTek,1080,Mali,G68,120.0,8.0,2.6,2.0,2.15,3.0,48.0,1.8,0.0,0.0,1.0,13.0,2.2,398.8,1,0,0,8.0,8.0,256.0,256.0
256,samsung galaxy a36,6.7,AMOLED,1,5000.0,7490000.0,samsung,Android,14.0,833548.0,2400.0,Snapdragon,6 Gen 3,Adreno,710,120.0,8.0,2.4,1.8,2.1,2.0,8.0,1.8,0.0,0.0,0.0,2.0,2.2,384.7,2,1,1,8.0,8.0,128.0,128.0
257,samsung galaxy a37,6.7,AMOLED,1,5000.0,9790000.0,samsung,Android,16.0,997728.0,2750.0,Exynos,1480,Xclipse,530,120.0,8.0,2.75,2.0,2.375,3.0,50.0,1.8,0.0,0.0,1.0,12.0,2.2,384.7,0,0,1,8.0,8.0,128.0,128.0
258,samsung galaxy a50s,6.4,AMOLED,0,4000.0,6990000.0,samsung,Android,14.0,765609.0,2400.0,Exynos,9610,Other,Unknown,120.0,8.0,2.4,1.95,2.15,3.0,48.0,1.8,0.0,0.0,0.0,32.0,2.2,402.7,1,0,1,4.0,4.0,64.0,64.0
259,samsung galaxy a52s,6.5,AMOLED,1,4500.0,10990000.0,samsung,Android,11.0,780000.0,2400.0,Snapdragon,778G,Adreno,642,120.0,8.0,2.4,1.8,2.1,4.0,64.0,1.8,0.0,0.0,1.0,32.0,2.2,404.9,1,0,1,8.0,8.0,128.0,128.0
260,samsung galaxy a54,6.4,AMOLED,1,5000.0,7890000.0,samsung,Android,13.0,765609.0,2400.0,Exynos,1380,Mali,G68,120.0,8.0,2.4,2.0,2.2,3.0,50.0,1.8,0.0,0.0,1.0,32.0,2.2,402.7,1,0,1,8.0,8.0,128.0,256.0
261,samsung galaxy a55,6.6,AMOLED,1,5000.0,7590000.0,samsung,Android,14.0,765609.0,2400.0,Exynos,1480,Other,Unknown,120.0,8.0,2.4,1.95,2.15,3.0,50.0,1.8,1.0,0.0,1.0,32.0,2.2,390.5,1,0,1,8.0,8.0,128.0,128.0
262,samsung galaxy a56,6.7,AMOLED,1,5000.0,8990000.0,samsung,Android,14.0,1243000.0,2900.0,Exynos,1580,Xclipse,540,120.0,8.0,2.9,1.95,2.312,2.0,5.0,1.8,0.0,0.0,0.0,2.0,2.2,384.7,2,1,1,8.0,8.0,128.0,128.0
263,samsung galaxy a57,6.7,AMOLED,1,5000.0,10923688.426965656,samsung,Android,16.0,1390055.0,2900.0,Exynos,1680,Xclipse,550,120.0,8.0,2.9,1.95,2.394,3.0,50.0,1.8,0.0,0.0,1.0,12.0,2.2,394.6,0,0,0,8.0,12.0,128.0,256.0
264,samsung galaxy a70,6.7,AMOLED,0,4500.0,9290000.0,samsung,Android,9.0,412926.0,2000.0,Snapdragon,675,Adreno,612,120.0,8.0,2.0,1.7,1.775,3.0,32.0,1.6999999999999997,0.0,0.0,0.0,32.0,2.2,384.7,1,0,1,6.0,6.0,128.0,128.0
265,samsung galaxy a72,6.7,AMOLED,1,5000.0,11490000.0,samsung,Android,11.0,514122.0,2300.0,Snapdragon,720G,Adreno,618,90.0,8.0,2.3,1.8,1.925,4.0,64.0,1.8,1.0,1.0,1.0,32.0,2.2,392.8,1,0,1,8.0,8.0,256.0,256.0
266,samsung galaxy a74,6.7,AMOLED,0,5000.0,9548111.285793489,samsung,Android,14.0,1005598.0,3200.0,Snapdragon,870,Adreno,650,120.0,8.0,3.2,1.8,2.208,4.0,108.0,1.8,0.0,0.0,0.0,44.0,2.5,394.6,1,0,0,12.0,12.0,256.0,256.0
267,samsung galaxy a75,6.4,AMOLED,0,6000.0,8655228.653483495,samsung,Android,14.0,1118041.0,2840.0,Snapdragon,888,Adreno,660,90.0,8.0,2.84,1.8,2.163,4.0,108.0,1.8,0.0,0.0,0.0,32.0,2.4,411.2,0,0,0,6.0,6.0,128.0,128.0
268,samsung galaxy buddy2,6.6,LCD,1,5000.0,4789901.49531262,samsung,Android,12.0,525163.0,2200.0,Snapdragon,750G,Adreno,619,120.0,8.0,2.2,1.8,1.9,1.0,50.0,1.8,0.0,0.0,0.0,8.0,2.2,399.9,0,0,0,4.0,4.0,128.0,128.0
269,samsung galaxy c55,6.7,AMOLED,1,5000.0,7308902.036464141,samsung,Android,14.0,829085.0,2400.0,Snapdragon,7 Gen 1,Adreno,644,120.0,8.0,2.4,1.8,2.085,3.0,50.0,1.8,0.0,1.0,1.0,50.0,2.4,394.6,0,0,0,8.0,8.0,128.0,128.0
270,samsung galaxy f04s,6.5,IPS LCD,0,4000.0,6921399.369952362,samsung,Android,12.0,231906.0,2000.0,Exynos,850,Mali,G52,90.0,8.0,2.0,2.0,2.0,3.0,50.0,1.9000000000000001,0.0,0.0,0.0,5.0,2.2,396.5,0,0,0,4.0,4.0,64.0,64.0
271,samsung galaxy f13,6.6,LCD,0,4500.0,5941731.727008159,samsung,Android,12.0,231906.0,2000.0,Exynos,850,Mali,G52,90.0,8.0,2.0,2.0,2.0,3.0,50.0,1.8,0.0,0.0,1.0,8.0,2.2,399.9,1,0,0,4.0,4.0,64.0,64.0
272,samsung galaxy f34,6.46,Other,1,6000.0,5914385.916674967,samsung,Android,13.0,605067.0,2400.0,Exynos,1280,Mali,G68,120.0,8.0,2.4,2.0,2.1,3.0,50.0,1.8,0.0,0.0,1.0,13.0,2.2,396.5,1,0,0,6.0,6.0,128.0,128.0
273,samsung galaxy f54,6.7,AMOLED,1,6000.0,6569044.2494427515,samsung,Android,13.0,765609.0,2400.0,Exynos,1380,Mali,G68,120.0,8.0,2.4,2.0,2.2,3.0,108.0,1.8,0.0,0.0,1.0,32.0,2.2,392.8,1,0,0,8.0,8.0,128.0,128.0
274,samsung galaxy f55,6.7,Other,1,5000.0,7308902.036464141,samsung,Android,14.0,829085.0,2400.0,Snapdragon,7 Gen 1,Adreno,644,120.0,8.0,2.4,1.8,2.085,3.0,50.0,1.8,0.0,0.0,1.0,50.0,2.4,394.6,0,0,0,8.0,8.0,128.0,128.0
275,samsung galaxy m14,6.6,LCD,1,6000.0,4490000.0,samsung,Android,13.0,592392.0,2400.0,Exynos,1330,Mali,G68,90.0,8.0,2.4,2.0,2.1,3.0,50.0,1.8,0.0,0.0,1.0,13.0,2.0,399.9,1,0,1,4.0,4.0,128.0,128.0
276,samsung galaxy m16,6.5,Other,0,7000.0,9285539.945532069,samsung,Android,11.0,1042710.0,2900.0,Exynos,2100,Mali,G78,90.0,8.0,2.91,2.2,2.518,4.0,48.0,1.8,0.0,0.0,0.0,8.0,2.0,269.9,1,0,0,6.0,6.0,128.0,128.0
277,samsung galaxy m21s,6.4,AMOLED,0,6000.0,5930414.965960277,samsung,Android,10.0,355351.0,2300.0,Exynos,9611,Mali,G72,120.0,8.0,2.3,1.7,2.0,3.0,64.0,2.2,0.0,0.0,1.0,32.0,2.2,402.7,1,0,0,6.0,6.0,128.0,128.0
278,samsung galaxy m23,6.6,LCD,1,5000.0,3347733.0461423583,samsung,Android,12.0,419670.0,1850.0,Other,Unknown,PowerVR,GT7600,120.0,2.0,1.85,1.85,1.85,2.0,8.0,1.8,0.0,0.0,0.0,8.0,2.2,399.9,1,0,0,4.0,4.0,128.0,128.0
279,samsung galaxy m31s,6.5,AMOLED,1,6000.0,5798160.855202372,samsung,Android,10.0,355351.0,2300.0,Exynos,9611,Mali,G72,120.0,8.0,2.3,1.7,2.0,4.0,64.0,1.8,0.0,0.0,1.0,32.0,2.2,404.9,1,0,0,6.0,6.0,128.0,128.0
280,samsung galaxy m42,6.4,IPS LCD,1,6000.0,7592041.848838976,samsung,Android,10.0,494401.0,2200.0,Snapdragon,730,Adreno,618,120.0,8.0,2.2,1.8,1.9,3.0,64.0,2.0,0.0,0.0,0.0,32.0,2.0,409.3,1,0,0,6.0,6.0,128.0,128.0
281,samsung galaxy m44,6.58,LCD,0,5000.0,8255433.7654885,samsung,Android,13.0,1118041.0,2840.0,Snapdragon,888,Adreno,660,120.0,8.0,2.84,1.8,2.163,3.0,50.0,1.8,0.0,0.0,0.0,13.0,2.4,401.1,0,0,0,6.0,6.0,128.0,128.0
282,samsung galaxy m51,6.66,IPS LCD,0,7000.0,7026124.650487134,samsung,Android,10.0,494401.0,2200.0,Snapdragon,730,Adreno,618,120.0,8.0,2.2,1.8,1.9,3.0,64.0,2.0,0.0,0.0,1.0,32.0,2.0,387.0,1,0,0,6.0,6.0,128.0,128.0
283,samsung galaxy m53,6.7,AMOLED,1,5000.0,6276261.828089475,samsung,Android,14.0,671241.0,2400.0,MediaTek,900,Mali,G68,120.0,8.0,2.4,2.0,2.1,4.0,64.0,1.8,0.0,0.0,0.0,32.0,2.2,394.6,1,0,0,8.0,8.0,128.0,128.0
284,samsung galaxy m55,6.7,AMOLED,1,5000.0,6990000.0,samsung,Android,14.0,829085.0,2400.0,Snapdragon,7 Gen 1,Adreno,644,120.0,8.0,2.4,1.8,2.085,3.0,50.0,1.8,0.0,0.0,1.0,50.0,2.4,392.8,1,0,1,8.0,12.0,256.0,256.0
285,samsung galaxy note 10,6.3,AMOLED,1,3500.0,13800000.0,samsung,Android,14.0,798922.0,2730.0,Exynos,9825,Mali,G76,120.0,8.0,2.73,1.95,2.257,3.0,16.0,2.1,1.0,1.0,1.0,10.0,2.2,400.5,1,0,1,8.0,8.0,256.0,256.0
286,samsung galaxy note 10 plus,6.8,AMOLED,1,4300.0,26990000.0,samsung,Android,9.0,798922.0,2730.0,Exynos,9825,Mali,G76,120.0,8.0,2.73,1.95,2.257,3.0,16.0,2.1,1.0,1.0,1.0,10.0,2.2,494.7,1,0,1,12.0,12.0,256.0,256.0
287,samsung galaxy note 20,6.7,AMOLED,0,4300.0,23990000.0,samsung,Android,10.0,901199.0,2730.0,Exynos,990,Mali,G77,60.0,8.0,2.73,2.0,2.308,3.0,64.0,1.8,1.0,1.0,1.0,10.0,2.2,392.8,1,0,1,8.0,8.0,256.0,256.0
288,samsung galaxy note 20 ultra,6.9,AMOLED,1,4500.0,32990000.0,samsung,Android,10.0,901199.0,2730.0,Exynos,990,Mali,G77,90.0,8.0,2.73,2.0,2.308,3.0,108.0,1.8,1.0,1.0,1.0,10.0,2.2,493.8,1,0,1,12.0,12.0,256.0,256.0
289,samsung galaxy s 2019,6.1,Other,0,3500.0,20990000.0,samsung,Android,14.0,419670.0,1850.0,Other,Unknown,PowerVR,GT7600,120.0,2.0,1.85,1.85,1.85,3.0,50.0,1.8,0.0,0.0,0.0,8.0,2.1,457.3,0,0,1,8.0,8.0,128.0,128.0
290,samsung galaxy s20,6.2,AMOLED,0,4000.0,21490000.0,samsung,Android,10.0,901199.0,2730.0,Exynos,990,Mali,G77,120.0,8.0,2.73,2.0,2.308,3.0,64.0,1.8,1.0,1.0,1.0,10.0,2.2,566.0,1,0,1,8.0,8.0,128.0,128.0
291,samsung galaxy s20 fe,6.5,AMOLED,1,4500.0,7200000.0,samsung,Android,10.0,964589.0,2840.0,Snapdragon,865,Adreno,650,120.0,8.0,2.84,1.8,2.163,3.0,12.0,1.8,0.0,1.0,1.0,32.0,2.0,404.9,1,0,1,8.0,8.0,256.0,256.0
292,samsung galaxy s21 fe,6.4,AMOLED,1,4500.0,8800000.0,samsung,Android,12.0,1042710.0,2900.0,Exynos,2100,Mali,G78,120.0,8.0,2.91,2.2,2.518,3.0,12.0,1.8,0.0,1.0,1.0,32.0,2.2,402.7,1,0,1,8.0,8.0,128.0,128.0
293,samsung galaxy s22 -,6.1,AMOLED,1,3700.0,21990000.0,samsung,Android,12.0,1294632.0,3000.0,Snapdragon,8 Gen 1,Adreno,730,120.0,8.0,3.0,1.8,2.212,3.0,50.0,1.8,0.0,1.0,1.0,10.0,2.2,422.5,2,1,1,8.0,8.0,128.0,128.0
294,samsung galaxy s22 ultra,6.8,AMOLED,1,5000.0,30990000.0,samsung,Android,12.0,1294632.0,3000.0,Snapdragon,8 Gen 1,Adreno,730,120.0,8.0,3.0,1.8,2.212,4.0,108.0,1.8,0.0,0.0,1.0,40.0,2.2,501.1,2,1,1,8.0,8.0,128.0,128.0
295,samsung galaxy s22 ultra đã kích hoạt online,6.8,AMOLED,1,5000.0,18990000.0,samsung,Android,12.0,1294632.0,3000.0,Snapdragon,8 Gen 1,Adreno,730,120.0,8.0,3.0,1.8,2.212,4.0,108.0,1.8,0.0,0.0,1.0,40.0,2.2,501.1,2,1,1,12.0,12.0,256.0,256.0
296,samsung galaxy s23 plus,6.6,AMOLED,1,4700.0,19990000.0,samsung,Android,13.0,1752044.0,3200.0,Snapdragon,8 Gen 2,Adreno,740,120.0,8.0,3.2,2.0,2.55,3.0,50.0,1.8,0.0,1.0,1.0,12.0,2.2,390.5,2,1,1,8.0,8.0,256.0,512.0
297,samsung galaxy s23 ultra,6.8,AMOLED,1,5000.0,19490000.0,samsung,Android,13.0,1752044.0,3200.0,Snapdragon,8 Gen 2,Adreno,740,120.0,8.0,3.2,2.0,2.55,4.0,200.0,1.6999999999999997,1.0,1.0,1.0,12.0,2.2,501.1,2,1,1,8.0,12.0,256.0,512.0
298,samsung galaxy s24,6.2,AMOLED,1,4000.0,17190000.0,samsung,Android,14.0,2037320.0,3210.0,Exynos,2400,Xclipse,940,120.0,10.0,3.21,1.95,2.461,3.0,50.0,1.8,1.0,1.0,1.0,12.0,2.2,415.7,2,1,1,8.0,8.0,256.0,512.0
299,samsung galaxy s24 fe,6.7,AMOLED,1,4700.0,11490000.0,samsung,Android,14.0,1971406.0,3110.0,Exynos,2400e,Xclipse,940,120.0,10.0,3.11,1.95,2.451,2.0,50.0,1.8,0.0,0.0,0.0,10.0,2.4,392.8,0,0,1,8.0,8.0,128.0,128.0
300,samsung galaxy s24 plus,6.7,AMOLED,1,4900.0,16090000.0,samsung,Android,14.0,2037320.0,3210.0,Exynos,2400,Xclipse,940,120.0,10.0,3.21,1.95,2.461,3.0,50.0,1.8,1.0,1.0,1.0,12.0,2.2,512.9,2,1,1,12.0,12.0,256.0,512.0
301,samsung galaxy s24 ultra,6.8,AMOLED,1,5000.0,25290000.0,samsung,Android,14.0,2341391.0,3300.0,Snapdragon,8 Gen 3,Adreno,750,120.0,8.0,3.3,2.27,2.901,4.0,200.0,2.2,1.0,1.0,1.0,12.0,2.2,505.3,2,1,1,12.0,12.0,256.0,512.0
302,samsung galaxy s24fe,6.7,AMOLED,1,4700.0,14762780.027929353,samsung,Android,14.0,1971406.0,3110.0,Exynos,2400e,Xclipse,940,120.0,10.0,3.11,1.95,2.451,2.0,8.0,1.8,0.0,1.0,0.0,10.0,2.4,384.7,2,1,0,8.0,8.0,256.0,256.0
303,samsung galaxy s25,6.2,AMOLED,1,4000.0,17490000.0,samsung,Android,14.0,3336910.0,4320.0,Snapdragon,8 Elite,Adreno,830,120.0,8.0,4.32,3.53,3.728,3.0,50.0,1.6299999999999997,0.0,1.0,1.0,12.0,2.1,415.7,2,1,1,12.0,12.0,256.0,256.0
304,samsung galaxy s25 edge,6.7,AMOLED,1,3900.0,20450000.0,samsung,Android,14.0,419670.0,1850.0,Other,Unknown,PowerVR,GT7600,120.0,2.0,1.85,1.85,1.85,1.0,2.0,1.8,0.0,0.0,0.0,2.0,2.1,512.9,2,1,1,12.0,12.0,256.0,256.0
305,samsung galaxy s25 fe,6.7,AMOLED,1,4900.0,13290000.0,samsung,Android,16.0,2037320.0,3210.0,Exynos,2400,Xclipse,940,120.0,10.0,3.21,1.95,2.461,3.0,50.0,1.8,0.0,1.0,1.0,12.0,2.2,384.7,2,1,1,8.0,8.0,128.0,512.0
306,samsung galaxy s25 plus,6.7,AMOLED,1,4900.0,20490000.0,samsung,Android,14.0,3336910.0,4320.0,Snapdragon,8 Elite,Adreno,830,120.0,8.0,4.32,3.53,3.728,3.0,50.0,1.6299999999999997,0.0,1.0,1.0,12.0,2.1,512.9,2,1,1,12.0,12.0,256.0,512.0
307,samsung galaxy s25 ultra,6.9,AMOLED,1,5000.0,26490000.0,samsung,Android,15.0,3336910.0,4320.0,Snapdragon,8 Elite,Adreno,830,120.0,8.0,4.32,3.53,3.728,4.0,200.0,1.6299999999999997,0.0,1.0,1.0,12.0,2.1,498.0,2,1,1,12.0,12.0,256.0,512.0
308,samsung galaxy s26,6.3,AMOLED,1,4300.0,20490000.0,samsung,Android,14.0,3145925.0,3800.0,Exynos,2600,Xclipse,960,120.0,10.0,3.8,2.75,3.005,3.0,50.0,1.8,0.0,1.0,1.0,12.0,2.2,409.1,2,1,1,12.0,12.0,256.0,512.0
309,samsung galaxy s26 plus,6.7,AMOLED,1,4900.0,30490000.0,samsung,Android,14.0,3145925.0,3800.0,Exynos,2600,Xclipse,960,120.0,10.0,3.8,2.75,3.005,3.0,50.0,1.8,0.0,1.0,1.0,12.0,2.2,512.9,0,0,1,12.0,12.0,256.0,512.0
310,samsung galaxy s26 ultra,6.9,AMOLED,1,5000.0,30490000.0,samsung,Android,14.0,3932243.0,4610.0,Snapdragon,8 Elite Gen 5,Adreno,840,120.0,8.0,4.61,3.63,3.875,4.0,200.0,1.6999999999999997,0.0,1.0,1.0,12.0,2.2,498.0,2,1,1,12.0,16.0,256.0,1024.0
311,samsung galaxy s8,5.8,AMOLED,0,3000.0,15990000.0,samsung,Android,14.0,765609.0,2400.0,Exynos,9,Other,Unknown,120.0,8.0,2.4,1.95,2.15,1.0,12.0,1.6999999999999997,1.0,0.0,0.0,8.0,1.7,567.5,1,0,1,4.0,4.0,64.0,64.0
312,samsung galaxy xcover6 pro,6.6,IPS LCD,1,4050.0,12136638.307106182,samsung,Android,12.0,780000.0,2400.0,Snapdragon,778G,Adreno,642,120.0,8.0,2.4,1.8,2.1,2.0,50.0,1.8,0.0,0.0,1.0,13.0,2.0,399.9,0,0,0,6.0,6.0,128.0,128.0
313,samsung galaxy z flip,6.7,Other,0,5000.0,6382034.715800267,samsung,Android,14.0,419670.0,1850.0,Other,Unknown,PowerVR,GT7600,120.0,2.0,1.85,1.85,1.85,2.0,50.0,1.8,0.0,0.0,0.0,8.0,2.1,395.2,0,0,0,8.0,8.0,128.0,128.0
314,samsung galaxy z flip 5,6.7,AMOLED,1,4200.0,20968287.541428033,samsung,Android,14.0,1752044.0,3200.0,Snapdragon,8 Gen 2,Adreno,740,144.0,8.0,3.2,2.0,2.55,2.0,12.0,1.8,0.0,0.0,1.0,10.0,2.2,394.6,0,0,0,8.0,8.0,512.0,512.0
315,samsung galaxy z flip6,6.7,AMOLED,1,4000.0,19990000.0,samsung,Android,14.0,2341391.0,3300.0,Snapdragon,8 Gen 3,Adreno,750,120.0,8.0,3.3,2.27,2.901,1.0,2.0,1.8,0.0,0.0,1.0,32.0,2.2,425.7,2,1,1,12.0,12.0,256.0,256.0
316,samsung galaxy z flip7,6.9,AMOLED,1,4300.0,23990000.0,samsung,Android,14.0,419670.0,1850.0,Other,Unknown,PowerVR,GT7600,120.0,2.0,1.85,1.85,1.85,2.0,50.0,1.8,0.0,0.0,0.0,10.0,2.2,457.6,2,0,1,12.0,12.0,256.0,512.0
317,samsung galaxy z fold,6.7,Other,0,5000.0,6382034.715800267,samsung,Android,14.0,419670.0,1850.0,Other,Unknown,PowerVR,GT7600,120.0,2.0,1.85,1.85,1.85,2.0,50.0,1.8,0.0,0.0,0.0,8.0,2.1,395.2,0,0,0,8.0,8.0,128.0,128.0
318,samsung galaxy z fold 6,7.6,AMOLED,1,4400.0,29990000.0,samsung,Android,14.0,2341391.0,3300.0,Snapdragon,8 Gen 3,Adreno,750,120.0,8.0,3.3,2.27,2.901,2.0,2.0,1.8,0.0,1.0,1.0,10.0,1.7999999999999998,374.7,2,1,1,12.0,12.0,256.0,256.0
319,samsung galaxy z fold4,7.6,AMOLED,1,4400.0,22490000.0,samsung,Android,12.0,1411891.0,3200.0,Snapdragon,8 Plus Gen 1,Adreno,730,120.0,8.0,3.2,2.0,2.431,3.0,50.0,1.8,0.0,1.0,1.0,10.0,2.4,372.6,2,1,1,12.0,12.0,256.0,256.0
320,samsung galaxy z fold5,7.6,AMOLED,1,4400.0,27990000.0,samsung,Android,13.0,1752044.0,3200.0,Snapdragon,8 Gen 2,Adreno,740,120.0,8.0,3.2,2.0,2.55,3.0,50.0,1.8,1.0,1.0,1.0,10.0,1.7999999999999998,372.6,2,1,1,12.0,12.0,256.0,256.0
321,samsung galaxy z fold7,8.0,AMOLED,1,4400.0,40990000.0,samsung,Android,14.0,3336910.0,4320.0,Snapdragon,8 Elite,Adreno,830,120.0,8.0,4.32,3.53,3.728,3.0,200.0,1.6999999999999997,0.0,0.0,0.0,10.0,2.2,395.2,2,0,1,12.0,12.0,256.0,512.0
322,samsung w22,7.6,AMOLED,1,4400.0,18739514.78484642,samsung,Android,11.0,1118041.0,2840.0,Snapdragon,888,Adreno,660,120.0,8.0,2.84,1.8,2.163,3.0,12.0,1.8119999999999998,0.0,0.0,0.0,10.0,2.2,372.6,1,0,0,12.0,12.0,256.0,256.0
323,tecno camon 19,6.8,IPS LCD,1,5000.0,2864198.585396591,tecno,Android,12.0,349222.0,2000.0,MediaTek,G85,Mali,G52,90.0,8.0,2.0,1.8,1.85,2.0,64.0,1.6999999999999997,0.0,0.0,1.0,16.0,2.0,395.1,1,0,0,4.0,4.0,128.0,128.0
324,tecno camon 20 premier,6.0,AMOLED,1,5000.0,12243474.764674367,tecno,Android,13.0,980006.0,3000.0,MediaTek,1200,Mali,G77,120.0,8.0,3.0,2.0,2.35,2.0,108.0,1.8,0.0,0.0,1.0,14.5,2.2,178.9,0,0,0,8.0,8.0,512.0,512.0
325,tecno camon 20 pro,6.67,AMOLED,1,5000.0,13064402.226467427,tecno,Android,13.0,1028453.0,3000.0,MediaTek,8050,Mali,G77,120.0,8.0,3.0,2.0,2.35,3.0,64.0,1.6999999999999997,0.0,0.0,1.0,32.0,2.5,394.6,1,0,0,8.0,8.0,256.0,256.0
326,tecno camon 30,6.78,AMOLED,1,5000.0,4590000.0,tecno,Android,14.0,765609.0,2400.0,MediaTek,G99,Other,Unknown,120.0,8.0,2.4,1.95,2.15,2.0,50.0,1.9000000000000001,1.0,0.0,1.0,50.0,2.35,393.0,1,0,1,8.0,12.0,256.0,256.0
327,tecno camon 30s,6.78,AMOLED,1,5000.0,4090000.0,tecno,Android,14.0,765609.0,2400.0,Other,Unknown,Other,Unknown,120.0,8.0,2.4,1.95,2.15,3.0,100.0,1.8,0.0,0.0,0.0,13.0,2.1,393.0,1,0,1,8.0,8.0,256.0,256.0
328,tecno camon 40,6.78,AMOLED,1,5200.0,4990000.0,tecno,Android,15.0,765609.0,2400.0,MediaTek,G100,Other,Unknown,120.0,8.0,2.4,1.95,2.15,2.0,50.0,1.8,0.0,0.0,1.0,32.0,2.4,394.05,2,0,1,8.0,8.0,128.0,256.0
329,tecno camon 40 pro,6.78,AMOLED,1,5200.0,5590000.0,tecno,Android,15.0,765609.0,2400.0,MediaTek,G100,Other,Unknown,120.0,8.0,2.4,1.95,2.15,2.0,50.0,1.8,0.0,0.0,1.0,50.0,2.4,394.05,2,0,1,8.0,8.0,256.0,256.0
330,tecno camon 40s,6.7,Other,0,5100.0,5876853.77852168,tecno,Android,15.0,419670.0,1850.0,Other,Unknown,PowerVR,GT7600,120.0,2.0,1.85,1.85,1.85,2.0,50.0,1.8,0.0,0.0,0.0,8.0,2.1,395.2,0,0,0,8.0,8.0,128.0,128.0
331,tecno camon slim,6.7,Other,0,5100.0,5876853.77852168,tecno,Android,15.0,419670.0,1850.0,Other,Unknown,PowerVR,GT7600,120.0,2.0,1.85,1.85,1.85,2.0,50.0,1.8,0.0,0.0,0.0,8.0,2.1,395.2,0,0,0,8.0,8.0,128.0,128.0
332,tecno phantom v fold,6.7,AMOLED,1,5000.0,13774478.214822099,tecno,Android,13.0,1453683.0,3200.0,MediaTek,9000 Plus,Mali,G710,120.0,8.0,3.2,1.8,2.369,3.0,50.0,1.9000000000000001,0.0,1.0,1.0,32.0,2.5,395.2,1,0,0,12.0,12.0,256.0,256.0
333,tecno pop 6 go,6.0,IPS LCD,0,4000.0,11276111.360598298,tecno,Android,12.0,419670.0,1850.0,Other,Unknown,PowerVR,GT7600,120.0,2.0,1.85,1.85,1.85,1.0,5.0,1.8,0.0,0.0,0.0,5.0,2.1,178.9,0,0,0,2.0,2.0,32.0,32.0
334,tecno pova 4,6.9,IPS LCD,0,7000.0,3831879.9737326493,tecno,Android,15.0,534895.0,2050.0,MediaTek,G95,Mali,G76,90.0,8.0,2.05,2.0,2.013,4.0,48.0,1.9000000000000001,0.0,0.0,0.0,8.0,2.225,457.6,0,0,0,6.0,6.0,128.0,128.0
335,tecno pova 6 neo,6.78,LCD,1,7000.0,3890000.0,tecno,Android,14.0,765609.0,2400.0,MediaTek,G99,Other,Unknown,120.0,8.0,2.4,1.95,2.15,1.0,50.0,1.8,0.0,0.0,0.0,8.0,2.35,396.3,2,0,1,8.0,8.0,128.0,128.0
336,tecno pova 7,6.78,IPS LCD,1,7000.0,4590000.0,tecno,Android,15.0,765609.0,2400.0,MediaTek,G100,Other,Unknown,120.0,8.0,2.4,1.95,2.15,2.0,108.0,1.8,0.0,0.0,0.0,8.0,2.4,396.3,2,0,1,8.0,8.0,128.0,256.0
337,tecno pova 7 neo,6.7,Other,0,5100.0,5876853.77852168,tecno,Android,15.0,419670.0,1850.0,Other,Unknown,PowerVR,GT7600,120.0,2.0,1.85,1.85,1.85,2.0,50.0,1.8,0.0,0.0,0.0,8.0,2.1,395.2,0,0,0,8.0,8.0,128.0,128.0
338,tecno pova 8,6.7,Other,0,5100.0,3030176.045546908,tecno,Android,15.0,419670.0,1850.0,Other,Unknown,PowerVR,GT7600,120.0,2.0,1.85,1.85,1.85,2.0,50.0,1.8,0.0,0.0,0.0,8.0,2.1,395.2,0,0,0,4.0,4.0,128.0,256.0
339,tecno pova curve 2,6.78,AMOLED,1,8000.0,5800642.87325144,tecno,Android,16.0,768176.0,2400.0,MediaTek,7100,Mali,G610,144.0,8.0,2.4,2.0,2.2,2.0,50.0,1.8,0.0,0.0,0.0,13.0,2.2,394.05,0,0,0,8.0,8.0,128.0,256.0
340,tecno pova neo 2,6.82,IPS LCD,1,7000.0,3622165.5195617527,tecno,Android,12.0,349222.0,2000.0,MediaTek,G85,Mali,G52,90.0,8.0,2.0,1.8,1.85,1.0,16.0,1.8,0.0,0.0,1.0,8.0,2.0,262.6,1,0,0,4.0,4.0,64.0,64.0
341,tecno spark 10c,6.6,Other,0,5000.0,14200263.091359984,tecno,Android,15.0,1798756.0,3350.0,MediaTek,9200 Plus,Mali,G715,90.0,8.0,3.35,2.0,2.544,1.0,16.0,1.8,0.0,0.0,0.0,8.0,2.0,267.5,0,0,0,16.0,16.0,128.0,128.0
342,tecno spark 30,6.7,Other,0,5000.0,5986103.385253801,tecno,Android,15.0,419670.0,1850.0,Other,Unknown,PowerVR,GT7600,120.0,2.0,1.85,1.85,1.85,2.0,50.0,1.8,0.0,0.0,0.0,8.0,2.1,395.2,0,0,0,8.0,8.0,128.0,128.0
343,tecno spark 30 -,6.7,Other,0,5100.0,3896755.9506253195,tecno,Android,15.0,419670.0,1850.0,Other,Unknown,PowerVR,GT7600,120.0,2.0,1.85,1.85,1.85,2.0,50.0,1.8,0.0,0.0,0.0,8.0,2.1,395.2,0,0,0,6.0,6.0,128.0,128.0
344,tecno spark 30 pro transformer,6.78,AMOLED,1,5000.0,3990000.0,tecno,Android,14.0,570469.0,2200.0,MediaTek,G100,Mali,G57,120.0,8.0,2.2,2.0,2.05,1.0,108.0,1.75,0.0,0.0,0.0,13.0,2.4,394.05,2,0,1,8.0,8.0,256.0,256.0
345,tecno spark 30c,6.67,Other,1,5000.0,2190000.0,tecno,Android,14.0,357879.0,2000.0,MediaTek,G81,Mali,G52,120.0,8.0,2.0,1.7,1.775,1.0,48.0,1.8,0.0,0.0,0.0,8.0,2.0,263.0,0,0,1,4.0,4.0,128.0,128.0
346,tecno spark 40,6.67,LCD,1,5200.0,3590000.0,tecno,Android,15.0,354158.0,2000.0,MediaTek,G91,Mali,G52,120.0,8.0,2.0,1.8,1.85,1.0,50.0,1.8,0.0,0.0,0.0,8.0,2.2,263.0,1,0,1,6.0,8.0,128.0,256.0
347,tecno spark 40 pro,6.78,AMOLED,0,5200.0,4890000.0,tecno,Android,15.0,601391.0,2200.0,MediaTek,G200,Mali,G57,144.0,8.0,2.2,2.0,2.05,1.0,50.0,1.8,0.0,0.0,0.0,13.0,2.2,394.05,1,0,1,8.0,8.0,256.0,256.0
348,tecno spark 50,6.78,LCD,0,6700.0,4690000.0,tecno,Android,16.0,357879.0,2000.0,MediaTek,G81,Mali,G52,120.0,8.0,2.0,1.7,1.775,1.0,50.0,1.8,0.0,0.0,0.0,8.0,2.0,394.05,2,0,1,4.0,4.0,128.0,128.0
349,tecno spark 50 pro,6.7,Other,0,5100.0,3030176.045546908,tecno,Android,15.0,419670.0,1850.0,Other,Unknown,PowerVR,GT7600,120.0,2.0,1.85,1.85,1.85,2.0,50.0,1.8,0.0,0.0,0.0,8.0,2.1,395.2,0,0,0,4.0,4.0,128.0,128.0
350,tecno spark go 2,6.67,LCD,0,5000.0,2490000.0,tecno,Android,15.0,765609.0,2400.0,Unisoc,Unknown,Other,Unknown,120.0,8.0,2.4,1.95,2.15,1.0,13.0,1.8,0.0,0.0,0.0,8.0,2.0,263.0,1,0,1,4.0,4.0,64.0,64.0
351,tecno spark go 3,6.75,Other,0,5000.0,3490000.0,tecno,Android,15.0,765609.0,2400.0,Unisoc,Unknown,Other,Unknown,120.0,8.0,2.4,1.95,2.15,1.0,13.0,1.8,0.0,0.0,0.0,8.0,2.0,259.9,2,0,1,4.0,4.0,64.0,64.0
352,xiaomi 11i hypercharge,6.66,AMOLED,0,4500.0,5995514.368867897,xiaomi,Android,11.0,750481.0,2500.0,MediaTek,920,Mali,G68,120.0,8.0,2.5,2.0,2.125,3.0,108.0,1.9000000000000001,0.0,1.0,1.0,16.0,2.0,395.2,1,0,0,6.0,6.0,128.0,128.0
353,xiaomi 12 lite,6.55,AMOLED,1,4300.0,13349541.233360695,xiaomi,Android,12.0,780000.0,2400.0,Snapdragon,778G,Adreno,642,120.0,8.0,2.4,1.8,2.1,3.0,108.0,1.9000000000000001,0.0,0.0,1.0,32.0,2.5,401.8,1,0,0,6.0,6.0,128.0,128.0
354,xiaomi 12i hypercharge,6.66,OLED,0,5000.0,6035780.603731382,xiaomi,Android,12.0,722902.0,2600.0,MediaTek,1080,Mali,G68,120.0,8.0,2.6,2.0,2.15,3.0,200.0,1.9000000000000001,0.0,0.0,1.0,16.0,2.3,394.6,0,0,0,8.0,8.0,128.0,128.0
355,xiaomi 12s ultra,6.73,AMOLED,1,4860.0,14277808.4818097,xiaomi,Android,12.0,1411891.0,3200.0,Snapdragon,8 Plus Gen 1,Adreno,730,120.0,8.0,3.2,2.0,2.431,3.0,48.0,1.9000000000000001,1.0,1.0,1.0,32.0,2.5,521.4,1,0,0,8.0,8.0,256.0,256.0
356,xiaomi 12t,6.67,AMOLED,1,5000.0,5490000.0,xiaomi,Android,12.0,765609.0,2400.0,MediaTek,8100 Ultra,Other,Unknown,120.0,8.0,2.4,1.95,2.15,3.0,108.0,1.8,0.0,0.0,0.0,20.0,2.2,445.8,1,0,1,8.0,8.0,128.0,128.0
357,xiaomi 12x,6.28,OLED,1,4500.0,10420007.988853298,xiaomi,Android,12.0,1005598.0,3200.0,Snapdragon,870,Adreno,650,120.0,8.0,3.2,1.8,2.208,3.0,50.0,1.9000000000000001,0.0,1.0,1.0,32.0,2.5,419.1,1,0,0,8.0,8.0,128.0,128.0
358,xiaomi 13,6.36,AMOLED,1,4500.0,16490000.0,xiaomi,Android,13.0,765609.0,2400.0,Snapdragon,8,Other,Unknown,120.0,8.0,2.4,1.95,2.15,3.0,50.0,1.8,0.0,1.0,1.0,32.0,2.0,413.8,1,0,1,8.0,8.0,256.0,256.0
359,xiaomi 13 lite,6.55,AMOLED,1,4500.0,8290000.0,xiaomi,Android,12.0,829085.0,2400.0,Snapdragon,7 Gen 1,Adreno,644,120.0,8.0,2.4,1.8,2.085,3.0,50.0,1.8,0.0,0.0,1.0,32.0,2.4,401.8,1,0,1,8.0,8.0,256.0,256.0
360,xiaomi 13 pro -,6.73,AMOLED,1,4820.0,24490000.0,xiaomi,Android,13.0,1752044.0,3200.0,Snapdragon,8 Gen 2,Adreno,740,120.0,8.0,3.2,2.0,2.55,3.0,50.0,1.9000000000000001,0.0,1.0,1.0,32.0,2.0,521.4,1,0,1,12.0,12.0,256.0,256.0
361,xiaomi 13 ultra,6.73,AMOLED,1,5000.0,16482763.60738762,xiaomi,Android,13.0,1752044.0,3200.0,Snapdragon,8 Gen 2,Adreno,740,120.0,8.0,3.2,2.0,2.55,4.0,50.0,1.8,1.0,1.0,1.0,32.0,2.0,391.1,1,0,0,12.0,12.0,256.0,256.0
362,xiaomi 13t pro,6.67,AMOLED,1,5000.0,13177535.567561837,xiaomi,Android,13.0,1798756.0,3350.0,MediaTek,9200 Plus,Mali,G715,144.0,8.0,3.35,2.0,2.544,3.0,50.0,1.8,0.0,1.0,1.0,20.0,2.0,445.8,2,1,0,12.0,12.0,512.0,512.0
363,xiaomi 14,6.36,OLED,1,4610.0,17926511.904185075,xiaomi,Android,14.0,2341391.0,3300.0,Snapdragon,8 Gen 3,Adreno,750,120.0,8.0,3.3,2.27,2.901,3.0,50.0,1.6,1.0,1.0,1.0,32.0,2.0,409.3,2,1,0,8.0,12.0,128.0,512.0
364,xiaomi 14 lite,6.66,AMOLED,0,4600.0,8182477.80995327,xiaomi,Android,12.0,1118041.0,2840.0,Snapdragon,888,Adreno,660,144.0,8.0,2.84,1.8,2.163,4.0,64.0,1.8,0.0,0.0,0.0,32.0,2.4,394.6,0,0,0,8.0,8.0,128.0,128.0
365,xiaomi 14 pro,6.8,AMOLED,1,5000.0,23068674.16258338,xiaomi,Android,12.0,1411891.0,3200.0,Snapdragon,8 Plus Gen 1,Adreno,730,120.0,8.0,3.2,2.0,2.431,3.0,64.0,1.8,0.0,0.0,0.0,32.0,2.4,394.05,0,0,0,8.0,12.0,128.0,256.0
366,xiaomi 14 ultra,6.73,AMOLED,1,5300.0,17366947.028586444,xiaomi,Android,14.0,2341391.0,3300.0,Snapdragon,8 Gen 3,Adreno,750,120.0,8.0,3.3,2.27,2.901,4.0,50.0,1.8,0.0,1.0,1.0,32.0,2.0,521.4,1,0,0,8.0,12.0,256.0,512.0
367,xiaomi 14t,6.7,Other,0,5000.0,14106820.055223076,xiaomi,Android,12.0,419670.0,1850.0,Other,Unknown,PowerVR,GT7600,144.0,2.0,1.85,1.85,1.85,2.0,50.0,1.8,0.0,0.0,0.0,8.0,2.1,395.2,0,0,0,12.0,12.0,256.0,512.0
368,xiaomi 14t pro,6.67,AMOLED,1,5000.0,13282064.616952974,xiaomi,Android,12.0,2347116.0,3400.0,MediaTek,9300 Plus,Mali,G720,144.0,8.0,3.4,2.0,2.494,3.0,50.0,1.0,0.0,1.0,1.0,32.0,2.0,445.8,2,0,0,12.0,12.0,512.0,512.0
369,xiaomi 15,6.36,AMOLED,1,5240.0,18490000.0,xiaomi,Android,12.0,3336910.0,4320.0,Snapdragon,8 Elite,Adreno,830,120.0,8.0,4.32,3.53,3.728,3.0,50.0,1.62,1.0,1.0,1.0,32.0,2.0,460.3,2,0,1,12.0,12.0,256.0,512.0
370,xiaomi 15 pro,6.73,Other,0,6100.0,9656546.987387186,xiaomi,Android,12.0,1038717.0,2500.0,Snapdragon,7S Gen 3,Adreno,810,120.0,8.0,2.5,1.8,2.112,3.0,200.0,1.65,1.0,0.0,1.0,16.0,2.2,394.6,0,0,0,8.0,8.0,256.0,256.0
371,xiaomi 15 ultra,6.73,AMOLED,1,5410.0,26990000.0,xiaomi,Android,12.0,3336910.0,4320.0,Snapdragon,8 Elite,Adreno,830,120.0,8.0,4.32,3.53,3.728,4.0,200.0,1.6299999999999997,0.0,1.0,1.0,32.0,2.0,521.4,2,0,1,16.0,16.0,512.0,1024.0
372,xiaomi 15t,6.7,Other,0,5500.0,15471722.56065185,xiaomi,Android,12.0,419670.0,1850.0,Other,Unknown,PowerVR,GT7600,120.0,2.0,1.85,1.85,1.85,2.0,50.0,1.8,0.0,0.0,0.0,8.0,2.1,395.2,0,0,0,12.0,12.0,256.0,512.0
373,xiaomi 15t pro,6.7,Other,0,5500.0,15765236.486053133,xiaomi,Android,12.0,419670.0,1850.0,Other,Unknown,PowerVR,GT7600,144.0,2.0,1.85,1.85,1.85,2.0,50.0,1.8,0.0,0.0,0.0,8.0,2.1,395.2,0,0,0,12.0,12.0,256.0,512.0
374,xiaomi 17,6.3,AMOLED,1,7000.0,22298816.889171902,xiaomi,Android,16.0,3932243.0,4610.0,Snapdragon,8 Elite Gen 5,Adreno,840,120.0,8.0,4.61,3.63,3.875,3.0,50.0,1.6999999999999997,0.0,1.0,1.0,50.0,2.2,458.1,2,0,0,8.0,12.0,128.0,512.0
375,xiaomi 17 pro,6.7,Other,0,6300.0,8140420.852286478,xiaomi,Android,12.0,419670.0,1850.0,Other,Unknown,PowerVR,GT7600,120.0,2.0,1.85,1.85,1.85,2.0,50.0,1.8,0.0,0.0,0.0,8.0,2.1,395.2,0,0,0,8.0,8.0,128.0,128.0
376,xiaomi 17 pro max,6.7,Other,0,7500.0,7279027.087123178,xiaomi,Android,12.0,419670.0,1850.0,Other,Unknown,PowerVR,GT7600,120.0,2.0,1.85,1.85,1.85,2.0,50.0,1.8,0.0,0.0,0.0,8.0,2.1,395.2,0,0,0,8.0,8.0,128.0,128.0
377,xiaomi 17 ultra,6.9,AMOLED,1,6000.0,32470001.0,xiaomi,Android,16.0,3932243.0,4610.0,Snapdragon,8 Elite Gen 5,Adreno,840,120.0,8.0,4.61,3.63,3.875,2.0,200.0,1.6999999999999997,0.0,0.0,1.0,50.0,2.2,457.6,2,0,1,16.0,16.0,512.0,1024.0
378,xiaomi 17t pro,6.83,AMOLED,0,7000.0,26624903.325996947,xiaomi,Android,12.0,3508681.0,4210.0,MediaTek,9500,Mali,G1,120.0,8.0,4.21,2.7,3.189,3.0,50.0,1.67,1.0,1.0,1.0,32.0,2.2,394.05,0,0,0,12.0,12.0,512.0,1024.0
379,xiaomi black shark 5,6.66,AMOLED,1,4650.0,10678703.72993374,xiaomi,Android,12.0,1005598.0,3200.0,Snapdragon,870,Adreno,650,144.0,8.0,3.2,1.8,2.208,3.0,64.0,1.8,0.0,0.0,1.0,16.0,2.5,395.2,1,0,0,8.0,8.0,128.0,128.0
380,xiaomi civi,6.55,Other,0,4500.0,8962742.267028933,xiaomi,Android,11.0,780000.0,2400.0,Snapdragon,778G,Adreno,642,120.0,8.0,2.4,1.8,2.1,3.0,50.0,1.8,0.0,0.0,1.0,16.0,2.2,395.2,0,0,0,4.0,4.0,128.0,128.0
381,xiaomi civi 1s,6.55,OLED,1,4500.0,8258868.398501744,xiaomi,Android,12.0,800145.0,2500.0,Snapdragon,778G Plus,Adreno,642,120.0,8.0,2.5,1.8,2.112,3.0,64.0,1.8,0.0,0.0,1.0,32.0,2.2,401.8,1,0,0,8.0,8.0,128.0,128.0
382,xiaomi civi 2,6.55,OLED,0,4500.0,8258868.398501744,xiaomi,Android,12.0,800145.0,2500.0,Snapdragon,778G Plus,Adreno,642,120.0,8.0,2.5,1.8,2.112,3.0,64.0,1.8,0.0,0.0,0.0,32.0,2.2,395.2,0,0,0,8.0,8.0,128.0,128.0
383,xiaomi civi 3,6.55,AMOLED,1,4500.0,14858808.643105967,xiaomi,Android,13.0,1206715.0,3100.0,MediaTek,8200,Mali,G610,120.0,8.0,3.1,2.0,2.513,3.0,50.0,1.7699999999999998,0.0,0.0,1.0,32.0,2.0,401.8,1,0,0,12.0,12.0,256.0,256.0
384,xiaomi mi 10 ultra,6.66,OLED,1,4500.0,7842335.4846893335,xiaomi,Android,11.0,964589.0,2840.0,Snapdragon,865,Adreno,650,120.0,8.0,2.84,1.8,2.163,3.0,48.0,1.9000000000000001,1.0,1.0,1.0,20.0,2.3,387.0,1,0,0,12.0,12.0,256.0,256.0
385,xiaomi mi 10t,6.66,IPS LCD,1,5000.0,8421684.44816794,xiaomi,Android,10.0,964589.0,2840.0,Snapdragon,865,Adreno,650,144.0,8.0,2.84,1.8,2.163,3.0,64.0,1.9000000000000001,0.0,0.0,1.0,20.0,2.2,395.2,1,0,0,6.0,6.0,128.0,128.0
386,xiaomi mi 11x,6.66,AMOLED,0,4520.0,10715687.554449737,xiaomi,Android,11.0,1005598.0,3200.0,Snapdragon,870,Adreno,650,120.0,8.0,3.2,1.8,2.208,3.0,48.0,1.8,0.0,0.0,1.0,20.0,2.5,395.2,1,0,0,6.0,6.0,128.0,128.0
387,xiaomi mi mix fold,8.0,AMOLED,1,5020.0,21921076.12923865,xiaomi,Android,10.0,1118041.0,2840.0,Snapdragon,888,Adreno,660,120.0,8.0,2.84,1.8,2.163,3.0,108.0,1.8,0.0,0.0,0.0,20.0,2.4,395.2,1,0,0,16.0,16.0,512.0,512.0
388,xiaomi mix alpha,7.9,AMOLED,1,4050.0,12451887.107312523,xiaomi,Android,10.0,859084.0,2960.0,Snapdragon,855 Plus,Adreno,640,120.0,8.0,2.96,1.8,2.178,3.0,108.0,1.8,0.0,0.0,0.0,32.0,2.2,381.8,1,0,0,12.0,12.0,512.0,512.0
389,xiaomi poco c50,6.7,IPS LCD,0,5000.0,3098041.172796008,xiaomi,Android,12.0,415362.0,2400.0,Snapdragon,680,Adreno,610,90.0,8.0,2.4,1.9,2.15,2.0,50.0,1.8,0.0,0.0,0.0,5.0,2.2,394.6,0,0,0,4.0,4.0,64.0,64.0
390,xiaomi poco c51,6.52,Other,0,5000.0,2146135.2612980036,xiaomi,Android,12.0,195539.0,2200.0,MediaTek,G36,PowerVR,GE8320,90.0,8.0,2.2,1.8,2.0,1.0,8.0,1.8,0.0,0.0,0.0,5.0,2.2,269.1,0,0,0,3.0,3.0,32.0,32.0
391,xiaomi poco c55,6.71,IPS LCD,0,5000.0,2635839.967033877,xiaomi,Android,12.0,349222.0,2000.0,MediaTek,G85,Mali,G52,60.0,8.0,2.0,1.8,1.85,1.0,50.0,1.8,0.0,0.0,0.0,5.0,2.0,268.3,1,0,0,4.0,4.0,64.0,64.0
392,xiaomi poco f4 gt,6.66,OLED,1,4700.0,18143382.675628223,xiaomi,Android,12.0,1294632.0,3000.0,Snapdragon,8 Gen 1,Adreno,730,120.0,8.0,3.0,1.8,2.212,3.0,64.0,1.9000000000000001,0.0,0.0,1.0,20.0,2.2,395.2,1,0,0,8.0,8.0,128.0,128.0
393,xiaomi poco f5 pro,6.66,AMOLED,1,4520.0,10716932.0341238,xiaomi,Android,13.0,1005598.0,3200.0,Snapdragon,870,Adreno,650,120.0,8.0,3.2,1.8,2.208,3.0,48.0,1.8,0.0,0.0,1.0,20.0,2.5,395.2,0,0,0,6.0,6.0,64.0,64.0
394,xiaomi poco f7,6.7,Other,0,6500.0,8215792.611799819,xiaomi,Android,12.0,419670.0,1850.0,Other,Unknown,PowerVR,GT7600,120.0,2.0,1.85,1.85,1.85,2.0,50.0,1.8,0.0,0.0,0.0,8.0,2.1,395.2,0,0,0,8.0,8.0,128.0,128.0
395,xiaomi poco f8 pro,6.59,AMOLED,1,6210.0,13990000.0,xiaomi,Android,12.0,3336910.0,4320.0,Snapdragon,8 Elite,Adreno,830,120.0,8.0,4.32,3.53,3.728,3.0,50.0,1.88,1.0,1.0,1.0,20.0,2.1,419.3,2,1,1,12.0,12.0,256.0,256.0
396,xiaomi poco f8 ultra,6.9,AMOLED,1,6500.0,28837374.544958703,xiaomi,Android,12.0,3932243.0,4610.0,Snapdragon,8 Elite Gen 5,Adreno,840,120.0,8.0,4.61,3.63,3.875,3.0,50.0,1.0,0.0,1.0,1.0,32.0,2.2,457.6,2,1,0,12.0,12.0,256.0,256.0
397,xiaomi poco m7,6.79,Other,1,5160.0,3578361.7812742377,xiaomi,Android,12.0,419670.0,1850.0,Other,Unknown,PowerVR,GT7600,120.0,2.0,1.85,1.85,1.85,2.0,50.0,1.8,0.0,0.0,0.0,8.0,2.1,394.05,0,0,0,6.0,6.0,128.0,128.0
398,xiaomi poco x4 pro,6.67,AMOLED,1,5000.0,6090000.0,xiaomi,Android,11.0,592489.0,2200.0,Snapdragon,695,Adreno,619,120.0,8.0,2.2,1.8,1.9,3.0,108.0,1.8,0.0,0.0,0.0,16.0,2.0,394.6,1,0,1,6.0,6.0,128.0,128.0
399,xiaomi poco x6 pro,6.67,AMOLED,1,5000.0,7540000.0,xiaomi,Android,14.0,765609.0,2400.0,MediaTek,8300 Ultra,Other,Unknown,120.0,8.0,2.4,1.95,2.15,3.0,64.0,1.6999999999999997,0.0,0.0,1.0,16.0,2.0,445.8,1,0,1,8.0,8.0,256.0,256.0
400,xiaomi poco x7,6.67,AMOLED,1,5110.0,7990000.0,xiaomi,Android,12.0,765609.0,2400.0,MediaTek,7300 Ultra,Other,Unknown,120.0,8.0,2.4,1.95,2.15,3.0,50.0,1.5,0.0,0.0,1.0,20.0,2.2,445.8,2,0,1,12.0,12.0,512.0,512.0
401,xiaomi poco x7 pro,6.67,AMOLED,1,6000.0,8790000.0,xiaomi,Android,14.0,765609.0,2400.0,MediaTek,8400 Ultra,Other,Unknown,120.0,8.0,2.4,1.95,2.15,1.0,50.0,1.6999999999999997,0.0,0.0,0.0,32.0,2.2,445.8,1,0,1,12.0,12.0,256.0,256.0
402,xiaomi redmi 10 prime,6.5,Other,0,5000.0,2932472.49870492,xiaomi,Android,12.0,353817.0,2000.0,MediaTek,G88,Mali,G52,90.0,8.0,2.0,1.8,1.85,3.0,50.0,1.9000000000000001,0.0,0.0,0.0,8.0,2.5,396.5,0,0,0,6.0,6.0,128.0,128.0
403,xiaomi redmi 10c,6.71,IPS LCD,1,5000.0,3050000.0,xiaomi,Android,11.0,415362.0,2400.0,Snapdragon,680,Adreno,610,60.0,8.0,2.4,1.9,2.15,2.0,50.0,1.8,0.0,0.0,0.0,2.0,2.4,268.3,1,0,1,4.0,4.0,128.0,128.0
404,xiaomi redmi 11 prime,6.58,IPS LCD,0,5000.0,3163794.937690746,xiaomi,Android,12.0,547830.0,2200.0,MediaTek,G99,Mali,G57,90.0,8.0,2.2,2.0,2.05,3.0,50.0,1.8,0.0,0.0,1.0,8.0,2.35,401.1,1,0,0,4.0,4.0,64.0,64.0
405,xiaomi redmi 11 pro,6.58,IPS LCD,0,5000.0,4739510.215306646,xiaomi,Android,12.0,515647.0,2200.0,MediaTek,700,Mali,G57,90.0,8.0,2.2,2.0,2.05,2.0,50.0,2.0,0.0,0.0,0.0,5.0,2.2,395.2,0,0,0,6.0,6.0,128.0,128.0
406,xiaomi redmi 13c,6.74,IPS LCD,0,5000.0,2990000.0,xiaomi,Android,13.0,349222.0,2000.0,MediaTek,G85,Mali,G52,90.0,8.0,2.0,1.8,1.85,2.0,50.0,1.8,0.0,0.0,0.0,8.0,2.0,260.3,1,0,1,6.0,6.0,128.0,128.0
407,xiaomi redmi 14,6.88,Other,0,5500.0,4638843.102123273,xiaomi,Android,12.0,419670.0,1850.0,Other,Unknown,PowerVR,GT7600,120.0,2.0,1.85,1.85,1.85,2.0,50.0,1.8,0.0,0.0,0.0,8.0,2.1,457.6,0,0,0,4.0,4.0,128.0,128.0
408,xiaomi redmi 14c,6.88,Other,0,5160.0,2850000.0,xiaomi,Android,12.0,765609.0,2400.0,MediaTek,G81,Other,Unknown,120.0,8.0,2.4,1.95,2.15,1.0,50.0,1.8,0.0,0.0,0.0,13.0,2.0,260.3,1,0,1,4.0,4.0,128.0,128.0
409,xiaomi redmi 15,6.9,IPS LCD,1,7000.0,6190000.0,xiaomi,Android,12.0,623235.0,2300.0,Snapdragon,6S Gen 3,Adreno,619,144.0,8.0,2.3,2.0,2.075,1.0,50.0,1.8,0.0,0.0,0.0,8.0,2.05,373.5,1,0,1,8.0,8.0,256.0,256.0
410,xiaomi redmi 15c,6.9,LCD,1,6000.0,5190000.0,xiaomi,Android,12.0,765609.0,2400.0,MediaTek,G81,Other,Unknown,120.0,8.0,2.4,1.95,2.15,1.0,50.0,1.8,0.0,0.0,0.0,8.0,2.0,254.3,1,0,1,4.0,8.0,128.0,256.0
411,xiaomi redmi 9 activ,6.53,Other,0,5000.0,2484008.70186224,xiaomi,Android,11.0,200794.0,2300.0,MediaTek,G35,PowerVR,GE8320,120.0,8.0,2.3,1.8,2.05,2.0,22.0,2.2,0.0,0.0,0.0,5.0,2.2,268.7,1,0,0,4.0,4.0,64.0,64.0
412,xiaomi redmi a4,6.71,Other,0,5000.0,3052545.521912087,xiaomi,Android,12.0,419670.0,1850.0,Other,Unknown,PowerVR,GT7600,120.0,2.0,1.85,1.85,1.85,2.0,50.0,1.8,0.0,0.0,0.0,5.0,2.1,268.3,1,0,0,4.0,4.0,128.0,128.0
413,xiaomi redmi a7 pro,6.9,IPS LCD,1,6000.0,4090000.0,xiaomi,Android,16.0,765609.0,2400.0,Unisoc,Unknown,Other,Unknown,120.0,8.0,2.4,1.95,2.15,1.0,13.0,1.8,0.0,0.0,0.0,8.0,2.0,457.6,0,0,1,4.0,4.0,128.0,128.0
414,xiaomi redmi k70 pro,6.73,Other,1,5120.0,17539731.76113763,xiaomi,Android,12.0,2341391.0,3300.0,Snapdragon,8 Gen 3,Adreno,750,120.0,8.0,3.3,2.27,2.901,3.0,50.0,1.8,1.0,1.0,1.0,32.0,2.0,395.2,0,0,0,8.0,8.0,128.0,128.0
415,xiaomi redmi k70e,6.67,OLED,1,5500.0,15276719.301562596,xiaomi,Android,13.0,1609292.0,3350.0,MediaTek,8300,Mali,G615,120.0,8.0,3.35,2.2,2.719,3.0,50.0,2.4,0.0,0.0,1.0,20.0,2.2,526.1,1,0,0,8.0,8.0,128.0,128.0
416,xiaomi redmi note 10 je,6.5,IPS LCD,0,4800.0,4604033.853255946,xiaomi,Android,11.0,456551.0,2000.0,Snapdragon,480,Adreno,619,120.0,8.0,2.0,1.8,1.85,3.0,48.0,1.8,0.0,0.0,0.0,8.0,2.2,404.9,0,0,0,4.0,4.0,64.0,64.0
417,xiaomi redmi note 10 pro,6.66,AMOLED,0,5020.0,6090000.0,xiaomi,Android,11.0,517306.0,2300.0,Snapdragon,732G,Adreno,618,120.0,8.0,2.3,1.8,1.925,4.0,108.0,1.9000000000000001,0.0,0.0,1.0,16.0,2.5,395.2,1,0,1,8.0,8.0,128.0,128.0
418,xiaomi redmi note 11 pro,6.67,AMOLED,1,5000.0,5790000.0,xiaomi,Android,11.0,493222.0,2050.0,MediaTek,G96,Mali,G57,120.0,8.0,2.05,2.0,2.013,4.0,108.0,1.9000000000000001,0.0,1.0,1.0,16.0,2.4,394.6,1,0,1,8.0,8.0,128.0,128.0
419,xiaomi redmi note 11 pro plus,6.67,AMOLED,1,4500.0,6090000.0,xiaomi,Android,11.0,750481.0,2500.0,MediaTek,920,Mali,G68,120.0,8.0,2.5,2.0,2.125,3.0,108.0,1.8,0.0,0.0,1.0,16.0,2.0,394.6,1,0,1,8.0,8.0,256.0,256.0
420,xiaomi redmi note 11se,6.43,AMOLED,0,5000.0,3886009.8512706137,xiaomi,Android,11.0,534895.0,2050.0,MediaTek,G95,Mali,G76,90.0,8.0,2.05,2.0,2.013,4.0,64.0,1.9000000000000001,0.0,0.0,1.0,13.0,2.0,409.3,1,0,0,6.0,6.0,64.0,64.0
421,xiaomi redmi note 12,6.67,AMOLED,0,5000.0,3790000.0,xiaomi,Android,13.0,461236.0,2800.0,Snapdragon,685,Adreno,610,120.0,8.0,2.8,1.9,2.35,3.0,50.0,1.8,0.0,0.0,1.0,13.0,2.45,394.6,1,0,1,4.0,4.0,128.0,128.0
422,xiaomi redmi note 12 pro,6.67,AMOLED,1,5000.0,6590000.0,xiaomi,Android,12.0,722902.0,2600.0,MediaTek,1080,Mali,G68,120.0,8.0,2.6,2.0,2.15,3.0,50.0,1.9000000000000001,0.0,0.0,1.0,16.0,2.3,394.6,1,0,1,8.0,8.0,256.0,256.0
423,xiaomi redmi note 12 turbo,6.67,OLED,1,5000.0,9944874.537055222,xiaomi,Android,13.0,1285461.0,2910.0,Snapdragon,7 Plus Gen 2,Adreno,725,120.0,8.0,2.91,1.8,2.198,3.0,64.0,2.2,0.0,0.0,1.0,16.0,2.5,394.6,1,0,0,8.0,8.0,256.0,256.0
424,xiaomi redmi note 12r pro,6.67,AMOLED,0,5000.0,8063148.441585737,xiaomi,Android,13.0,521686.0,2000.0,Snapdragon,4 Gen 1,Adreno,619,120.0,8.0,2.0,1.8,1.85,2.0,48.0,2.4,0.0,0.0,1.0,8.0,2.0,394.6,1,0,0,12.0,12.0,256.0,256.0
425,xiaomi redmi note 12s,6.43,AMOLED,0,5000.0,4990000.0,xiaomi,Android,13.0,493222.0,2050.0,MediaTek,G96,Mali,G57,90.0,8.0,2.05,2.0,2.013,3.0,108.0,1.8899999999999997,0.0,0.0,1.0,16.0,2.45,409.3,1,0,1,8.0,8.0,256.0,256.0
426,xiaomi redmi note 13,6.67,AMOLED,0,5000.0,6622154.789595631,xiaomi,Android,12.0,461236.0,2800.0,Snapdragon,685,Adreno,610,120.0,8.0,2.8,1.9,2.35,2.0,108.0,1.81,0.0,0.0,0.0,16.0,2.125,392.9,0,0,0,6.0,12.0,128.0,256.0
427,xiaomi redmi note 13 pro,6.67,AMOLED,1,5100.0,6290000.0,xiaomi,Android,13.0,794701.0,2400.0,Snapdragon,7S Gen 2,Adreno,710,120.0,8.0,2.4,1.95,2.175,3.0,200.0,1.67,0.0,0.0,0.0,16.0,2.0,445.8,2,1,1,8.0,8.0,256.0,256.0
428,xiaomi redmi note 13 pro plus,6.67,AMOLED,1,5000.0,11286946.03235194,xiaomi,Android,13.0,960142.0,2800.0,MediaTek,7200 Ultra,Other,Unknown,120.0,8.0,2.8,2.0,2.2,3.0,200.0,1.8,0.0,0.0,0.0,16.0,2.2,445.8,1,0,0,8.0,8.0,256.0,256.0
429,xiaomi redmi note 13 turbo,6.7,AMOLED,0,5255.0,11391794.40700826,xiaomi,Android,12.0,708890.0,2600.0,MediaTek,1000 Plus,Mali,G77,120.0,8.0,2.6,2.0,2.3,3.0,64.0,1.8,0.0,0.0,0.0,32.0,2.2,395.2,0,0,0,12.0,12.0,512.0,512.0
430,xiaomi redmi note 13r pro,6.67,OLED,0,5000.0,7205523.405757419,xiaomi,Android,13.0,581315.0,2400.0,MediaTek,6080,Mali,G57,120.0,8.0,2.4,2.0,2.1,2.0,108.0,1.6999999999999997,0.0,0.0,1.0,16.0,2.2,394.6,1,0,0,12.0,12.0,256.0,256.0
431,xiaomi redmi note 13s,6.6,AMOLED,0,5000.0,11354694.964847367,xiaomi,Android,12.0,980006.0,3000.0,MediaTek,1200,Mali,G77,120.0,8.0,3.0,2.0,2.35,2.0,50.0,1.8,0.0,0.0,0.0,13.0,2.2,399.9,0,0,0,6.0,6.0,128.0,128.0
432,xiaomi redmi note 14,6.7,Other,0,5110.0,5653364.944026706,xiaomi,Android,12.0,419670.0,1850.0,Other,Unknown,PowerVR,GT7600,120.0,2.0,1.85,1.85,1.85,2.0,50.0,1.8,0.0,0.0,0.0,8.0,2.1,395.2,0,0,0,6.0,8.0,128.0,256.0
433,xiaomi redmi note 14 pro,6.7,Other,0,5110.0,5918619.302029171,xiaomi,Android,12.0,419670.0,1850.0,Other,Unknown,PowerVR,GT7600,120.0,2.0,1.85,1.85,1.85,2.0,50.0,1.8,0.0,0.0,0.0,8.0,2.1,395.2,0,0,0,8.0,12.0,128.0,512.0
434,xiaomi redmi note 14 pro plus,6.7,Other,0,5000.0,13578847.158694733,xiaomi,Android,12.0,419670.0,1850.0,Other,Unknown,PowerVR,GT7600,120.0,2.0,1.85,1.85,1.85,2.0,50.0,1.8,0.0,0.0,0.0,8.0,2.1,395.2,0,0,0,8.0,12.0,256.0,512.0
435,xiaomi redmi note 15,6.77,AMOLED,0,6000.0,5690000.0,xiaomi,Android,12.0,765609.0,2400.0,MediaTek,G100,Other,Unknown,120.0,8.0,2.4,1.95,2.15,2.0,108.0,1.6999999999999997,0.0,0.0,0.0,20.0,2.2,387.7,0,0,1,6.0,6.0,128.0,128.0
436,xiaomi redmi note 15 pro,6.77,AMOLED,0,6500.0,10090000.0,xiaomi,Android,12.0,765609.0,2400.0,MediaTek,G200,Other,Unknown,120.0,8.0,2.4,1.95,2.15,2.0,200.0,1.8,0.0,0.0,1.0,32.0,2.2,387.7,0,0,1,12.0,12.0,256.0,256.0
437,xiaomi redmi note 9 pro,6.66,IPS LCD,1,5020.0,5750000.0,xiaomi,Android,10.0,514122.0,2300.0,Snapdragon,720G,Adreno,618,90.0,8.0,2.3,1.8,1.925,4.0,64.0,1.9000000000000001,0.0,0.0,1.0,16.0,2.5,395.2,1,0,1,6.0,6.0,64.0,64.0
438,xiaomi redmi turbo 4,6.7,Other,0,6550.0,8153879.234115881,xiaomi,Android,12.0,419670.0,1850.0,Other,Unknown,PowerVR,GT7600,120.0,2.0,1.85,1.85,1.85,2.0,50.0,1.8,0.0,0.0,0.0,8.0,2.1,395.2,0,0,0,8.0,8.0,128.0,128.0
439,xiaomii 14 lite,6.67,AMOLED,1,4600.0,7991293.528099328,xiaomi,Android,14.0,1118041.0,2840.0,Snapdragon,888,Adreno,660,144.0,8.0,2.84,1.8,2.163,4.0,64.0,1.8,0.0,0.0,0.0,32.0,2.4,394.6,0,0,0,12.0,12.0,512.0,512.0
440,zte blade a72,6.745,IPS LCD,0,5130.0,1990000.0,zte,Android,13.0,765609.0,2400.0,Other,T606,Other,Unknown,90.0,8.0,2.4,1.95,2.15,3.0,13.0,1.8,0.0,0.0,0.0,5.0,2.1,260.1,1,0,1,3.0,3.0,128.0,128.0
441,zte blade v50 design,6.6,IPS LCD,0,5000.0,2790000.0,zte,Android,13.0,765609.0,2400.0,Unisoc,T606,Other,Unknown,90.0,8.0,2.4,1.95,2.15,3.0,50.0,1.8,0.0,0.0,0.0,8.0,2.0,399.9,1,0,1,8.0,8.0,128.0,256.0
442,zte nubia z50 ultra,6.8,AMOLED,1,5000.0,15133802.423898665,zte,Android,13.0,1752044.0,3200.0,Snapdragon,8 Gen 2,Adreno,740,120.0,8.0,3.2,2.0,2.55,3.0,64.0,1.6,0.0,1.0,1.0,50.0,2.0,399.9,1,0,0,8.0,8.0,256.0,256.0
443,zte nubia z60s pro,6.78,AMOLED,1,5100.0,10990000.0,zte,Android,14.0,1752044.0,3200.0,Snapdragon,8 Gen 2,Adreno,740,120.0,8.0,3.2,2.0,2.55,3.0,50.0,1.56,0.0,1.0,1.0,16.0,2.45,382.9,2,0,1,12.0,16.0,256.0,512.0
444,zte v70,6.67,AMOLED,1,5100.0,5134156.969696444,zte,Android,11.0,569913.0,2400.0,MediaTek,810,Mali,G57,90.0,8.0,2.4,2.0,2.1,3.0,64.0,1.8,0.0,0.0,1.0,16.0,2.4,394.6,1,0,0,8.0,8.0,256.0,256.0
